0.021608248,-0.043973691,0.089343738,0.203049735,0.366,9.7,21.6,0.87
0.006833012,0.026417776,0.200508787,0.321869616,0.29,11.7,20.8,1.19
0.038979154,-0.028866199,0.056502449,0.180411971,0.338,10.4,22.5,0.53
0.061622484,0.05750212,0.087938458,0.267227274,0.282,6.5,32.2,1.43
-0.003874759,0.077779112,0.076402055,0.21212982,0.316,7.1,25.7,0.62
0.020079098,0.021075943,0.098105317,0.215028734,0.336,12.6,27.5,1.10
-0.031358021,0.033883642,0.142616663,0.271815171,0.368,9.3,36.6,1.03
0.024788481,-0.000636467,0.083045984,0.169643268,0.3,11.7,20.5,0.81
0.009545889,0.016862437,0.118276603,0.201271576,0.258,10.7,34.1,1.30
0.017510906,-0.010373165,0.101838968,0.177328188,0.274,12.8,26.9,1.46
-0.018034516,0.011782787,0.106226575,0.193729565,0.352,9.2,30.7,0.82
0.006534951,0.034232462,0.054608062,0.187076147,0.332,10.9,35.9,0.73
-0.025926066,-0.028252764,0.106276576,0.230692666,0.338,10.5,37.3,1.37
0.035551203,0.079611024,0.156599108,0.321393942,0.264,12,20.7,0.56
0.025440749,-0.015612392,0.098415568,0.202391983,0.296,12.4,27.6,0.82
-0.031903822,-0.005032062,0.162275627,0.309654224,0.296,9.9,21.6,0.80
0.01468526,-0.031840708,0.167448193,0.281125699,0.366,9.3,24.9,0.66
0.045670484,0.030966218,0.173576072,0.312093292,0.32,8.2,32.6,1.46
0.023822312,0.026112312,0.084188164,0.186484543,0.23,9.1,35.2,1.29
-0.028462287,0.003842542,0.163615244,0.298957692,0.25,11.4,35.4,1.11
-0.058165692,-0.054911298,0.130818203,0.297317855,0.36,14.4,26.4,1.01
-0.036494937,-0.005965278,0.107878071,0.197037587,0.372,9.2,36.3,1.30
0.019730273,-0.029762946,0.202178181,0.323276681,0.37,8.4,29.9,1.46
-0.004869485,-0.036214422,0.078940061,0.213365708,0.316,8.7,21.4,1.03
0.009305284,0.040323094,0.076009087,0.22277216,0.38,9.3,30.1,1.16
-0.020588091,0.001803025,0.129988698,0.198891432,0.248,14.8,20.8,1.40
0.018531439,0.00876977,0.183167823,0.303395885,0.262,13.4,37.8,0.99
0.017328282,-0.077019672,0.068928542,0.234170413,0.32,10,29.7,1.11
0.049442807,0.00584431,0.098365094,0.206957268,0.338,6.8,22.6,0.84
-0.037961,0.027664372,0.107123361,0.237151183,0.226,11.7,30.0,0.64
0.012602323,-0.067794372,0.106784756,0.301399953,0.296,12.3,23.1,1.22
-0.008712206,0.016722663,0.115102489,0.189601009,0.324,9.5,21.7,1.16
0.022936511,0.017018811,0.142940332,0.26922794,0.24,9.6,21.7,1.12
0.017666359,-0.005534866,0.100556084,0.182796495,0.362,11.9,39.3,0.74
-0.005534912,-0.050409817,0.10267347,0.240221556,0.218,10.9,31.3,0.94
-0.013518277,-0.016435457,0.108864133,0.185807801,0.242,10.7,30.3,1.19
0.032743333,-0.026170932,0.078166081,0.193253173,0.332,9.4,21.2,0.95
0.091895944,-0.000386682,0.054796518,0.215244366,0.318,9.1,25.8,1.02
0.059091044,-0.011371693,0.071823793,0.19158365,0.342,10.2,20.2,1.45
-0.064328598,-0.00684088,0.070046951,0.280286247,0.332,11.2,21.6,0.73
-0.030501168,0.009412743,0.133073855,0.247189322,0.376,9.8,39.1,1.30
0.035691322,-0.001545183,0.132214667,0.327875133,0.336,5.4,33.9,1.09
-0.08208946,-0.042863372,0.128105649,0.309658124,0.29,11.1,31.1,0.90
-0.00333718,-0.034911156,0.09214563,0.188199194,0.384,13,34.0,0.98
-0.007864817,-0.037542522,0.132408044,0.240140285,0.256,7.8,25.5,0.77
-0.011726794,0.078574492,0.068730746,0.236023074,0.278,9.2,38.4,1.47
0.015779929,0.040344253,0.085517222,0.199831533,0.298,8.5,25.4,1.29
-0.002825367,0.03908057,0.091675915,0.182165047,0.384,12.1,31.7,0.99
0.01677813,-0.012391928,0.085935386,0.182309125,0.246,11.1,22.2,0.74
-0.021830458,-0.004107928,0.18036597,0.314861775,0.228,9.8,31.0,1.18
0.018283726,-0.021447544,0.081504599,0.182782701,0.312,8.2,30.1,0.81
-0.014047476,0.082447821,0.071659684,0.310275444,0.272,6.5,22.9,0.85
-0.01620472,0.093357367,0.099362229,0.285477489,0.278,13.3,22.2,1.27
0.041893749,0.020078051,0.095088465,0.309355542,0.272,10.3,29.8,0.62
0.021391294,0.061249295,0.060745024,0.245785682,0.272,10.5,33.6,0.69
0.017698529,-0.025618234,0.124666697,0.248918468,0.306,12.2,35.7,1.05
-0.045748089,0.00717867,0.075076836,0.234673685,0.28,10.1,29.6,0.65
-0.000750644,-0.021679055,0.145250228,0.234430593,0.342,11.2,28.0,1.49
-0.028951646,-0.021396679,0.062364298,0.311607129,0.3,8.4,29.8,0.59
-0.001454903,0.04715322,0.128337158,0.315356966,0.366,8.4,24.7,0.59
0.015799305,0.042995916,0.07886273,0.210078167,0.242,11.6,28.8,0.92
0.057317453,0.031666879,0.062750367,0.227249631,0.32,8.2,21.1,1.22
0.036916888,-0.012482119,0.144844746,0.253590775,0.322,11.2,21.9,0.81
-0.010496914,0.019423017,0.123287752,0.234477363,0.292,6.8,20.5,0.62
0.035870737,0.042247623,0.124706642,0.303846914,0.29,11.3,36.8,1.32
-0.051986942,0.033776401,0.064779606,0.246871103,0.286,7,39.5,0.86
-0.031924825,-0.037951605,0.101865098,0.271260093,0.302,11.2,24.9,0.92
0.043697822,0.000498769,0.081520125,0.193265314,0.348,7.6,32.0,0.82
0.110179105,0.045933856,0.115683163,0.308608775,0.372,10.5,28.6,0.87
0.001892752,0.038029062,0.111450912,0.221076853,0.286,12.4,26.4,1.47
0.005294497,-0.025209736,0.098995372,0.19410442,0.324,7.1,22.6,0.52
-0.053466305,-0.033245736,0.089591651,0.264339222,0.23,8.8,39.8,1.44
0.032891422,0.085231323,0.077843317,0.304795886,0.302,11.6,20.3,1.15
-0.03132017,0.024710158,0.130564241,0.261150292,0.274,9.5,28.2,1.18
0.023335768,0.018825318,0.092031332,0.264189182,0.298,12.7,25.4,1.01
-0.043627139,0.019323034,0.062103594,0.235720099,0.394,10.5,29.4,1.40
-0.079083328,0.084410255,0.112299652,0.318981696,0.27,10.6,28.2,0.62
0.020185635,-0.001861146,0.067911981,0.189120499,0.332,11.8,29.7,1.26
0.03927443,-0.015712,0.08345091,0.184118701,0.31,11.8,26.1,1.49
-0.018949604,0.011116998,0.082568357,0.210013557,0.328,11,21.0,0.76
-0.044452271,0.018816701,0.158797375,0.304600661,0.362,10.2,33.3,1.12
0.034565673,-8.95E-05,0.107376994,0.231875932,0.278,9.9,28.2,1.10
-0.023432002,-0.006504891,0.127051679,0.242459776,0.38,6.6,26.8,0.67
1.15E-05,0.020032179,0.105490549,0.180684957,0.228,11,31.2,1.16
-0.018075922,-0.073128533,0.099203846,0.279334439,0.24,9.9,37.6,1.46
-0.041508593,0.028161338,0.070135214,0.231898512,0.336,10,25.5,1.05
-0.042319539,-8.14E-05,0.141522628,0.264710723,0.292,9.5,23.9,0.68
0.018908134,0.074102192,0.073037613,0.29289468,0.348,10.3,31.9,0.69
0.007214287,0.022590501,0.086673161,0.19899516,0.3,10.7,28.8,1.49
0.015589343,0.01421158,0.123167646,0.206188478,0.302,8.8,36.2,0.92
-0.008181756,-0.087317012,0.076246199,0.245623691,0.298,9.9,27.5,1.43
0.021108162,0.017462255,0.093534107,0.227236659,0.276,10.1,28.5,0.50
-0.106015666,0.035579473,0.108779372,0.311977743,0.3,10.6,29.7,0.56
-0.034143127,0.003796819,0.068621507,0.177526227,0.296,9.4,21.9,1.13
-0.001539482,-0.030202012,0.056183718,0.226599661,0.356,9.4,20.3,1.03
0.033968791,-0.003507458,0.163849909,0.323346345,0.282,10.9,21.6,0.76
0.008109474,-0.022219954,0.085788243,0.189354808,0.294,9.3,30.4,0.86
0.016056425,-0.03951498,0.079479088,0.193270385,0.206,13.5,32.8,1.39
-0.11843777,-0.005364908,0.084198278,0.322767317,0.344,11.6,33.6,0.54
0.022533183,-0.023972133,0.089972227,0.317847893,0.334,10.8,24.0,0.71
-0.039317442,0.008223008,0.109979634,0.295904407,0.322,10.3,36.4,0.75
-0.035318996,0.01304885,0.086667768,0.187260354,0.326,5,32.3,1.21
-0.00977289,0.018041611,0.080354962,0.247344268,0.28,12.4,26.1,0.75
0.021244701,0.000590165,0.12050927,0.233525243,0.266,11.6,23.9,0.69
-0.023655283,0.000446815,0.088579477,0.232111155,0.274,7.8,39.8,0.85
0.07691784,0.020195514,0.055153975,0.242179041,0.322,7.6,31.0,1.10
-0.007116044,0.047173266,0.086823402,0.228972596,0.238,13,23.4,1.22
-0.039496259,-0.028481667,0.064815358,0.189601266,0.34,7,32.4,1.24
0.049073984,-0.038648919,0.094044098,0.225018575,0.338,10.7,26.7,1.26
-0.065478306,-0.018066371,0.138120613,0.300952656,0.344,10.2,31.2,1.06
-0.015106995,-0.020828038,0.10887931,0.309457707,0.344,6.1,36.4,1.28
0.019645115,-0.004149317,0.128266012,0.203763991,0.316,10.6,35.4,0.79
0.020925342,0.004342837,0.089750578,0.1828644,0.384,6.3,32.5,1.11
0.00073972,0.040884799,0.070943108,0.206588077,0.2,10,30.0,0.91
0.056096388,0.012441312,0.068890998,0.173564182,0.292,12.1,35.5,0.89
0.00060153,0.035303657,0.191123259,0.308210918,0.338,8.6,21.9,0.94
-0.015407815,0.111548774,0.063668539,0.276450254,0.344,11.9,20.2,0.86
-0.020003527,0.04039453,0.100031939,0.239935691,0.344,8.9,32.1,0.84
0.030282799,-0.067314145,0.057324884,0.249531466,0.36,9.7,20.3,1.45
-0.018837426,0.006251808,0.116254015,0.173190741,0.348,8.3,31.6,0.70
-0.030094828,-0.016504541,0.104533909,0.20846662,0.332,9.5,24.8,1.00
-0.00040983,-0.049455143,0.071519318,0.239997656,0.28,13.1,29.9,0.85
0.017676016,0.035547909,0.110893381,0.279665343,0.242,11,31.3,1.06
0.004359745,-0.023301973,0.14366038,0.250711812,0.254,6.1,38.5,0.85
0.066947222,0.018884965,0.090283237,0.23101897,0.294,10.1,33.9,1.17
0.018692206,-0.002981016,0.099193657,0.175355167,0.282,11.8,25.9,0.85
-0.006780315,0.051155633,0.18006717,0.306904985,0.38,10.2,39.2,1.40
-0.032865952,0.004854201,0.149811605,0.269035948,0.2,7.6,35.1,0.57
-0.002054847,-0.037737189,0.109543101,0.243808065,0.31,10.3,31.1,1.00
0.000554415,0.025569733,0.1102018,0.188048818,0.204,6.8,30.3,0.54
0.019533441,0.027489635,0.075790055,0.175211991,0.296,10.3,23.8,1.32
0.030293101,-0.003345221,0.164553805,0.303933643,0.246,6.2,30.3,0.57
0.014271084,0.017460501,0.128173548,0.197738854,0.356,11.3,25.9,0.57
0.020431369,-0.019333341,0.163602649,0.315192162,0.304,9.9,25.2,0.97
-0.006586017,-0.034692921,0.162285032,0.278944795,0.288,8,34.1,0.67
0.009112761,0.043564898,0.145097741,0.30089143,0.394,12.1,27.1,1.16
0.010831828,-0.055006311,0.081646903,0.23048215,0.356,8.5,27.5,0.66
-0.053159357,-0.066428589,0.063013877,0.240769735,0.232,10.1,29.7,0.96
0.023692761,0.064490948,0.134307669,0.295102529,0.372,12.3,37.1,0.98
0.024948865,0.001777755,0.131720147,0.233626121,0.26,10.5,28.6,1.40
-0.101214188,0.023034261,0.078115901,0.265893688,0.34,12.2,33.3,0.67
0.018562564,-0.0826216,0.09346694,0.27901101,0.326,6.3,21.8,0.76
-0.016211879,0.028740215,0.194082718,0.319739909,0.262,11.6,33.3,0.55
0.051850228,0.103471186,0.102572754,0.29483875,0.238,8.7,23.3,1.15
-0.025443135,0.010561203,0.112438103,0.190765677,0.284,10.6,25.5,1.29
0.03104995,0.026568928,0.092935333,0.215241295,0.334,9.1,22.9,1.07
-0.01768563,0.026555274,0.083636107,0.274816016,0.23,7.7,21.6,0.80
0.007217268,-0.022144144,0.069036961,0.203477537,0.296,8.8,33.2,0.69
0.021032051,0.002772683,0.121506181,0.222326496,0.268,10.3,27.3,0.77
-0.027862669,0.063510216,0.109480751,0.248864903,0.318,8.1,33.7,1.28
0.050965349,0.06300985,0.057976094,0.194040703,0.392,9.5,35.9,1.00
-0.033057406,-0.00631575,0.063148699,0.218584666,0.322,9.5,34.1,1.25
-0.001464105,-0.049128307,0.115169648,0.262617599,0.334,9.1,22.2,0.78
0.019214403,0.008415292,0.091404281,0.191001655,0.4,10.9,20.1,1.09
-0.033739596,0.027479833,0.068204586,0.211946572,0.24,5.9,33.8,1.45
-0.016421346,0.022092045,0.097879938,0.197259051,0.262,14.1,37.9,0.77
0.002715684,-0.072223641,0.084200862,0.326970472,0.246,10.1,31.0,1.01
0.010433085,0.022834337,0.083208064,0.186357436,0.334,7.4,35.0,0.98
-0.008399419,0.028177367,0.130874419,0.300902158,0.21,12.1,32.2,1.01
-0.003331261,0.02232435,0.078771246,0.169649559,0.282,11.2,35.4,1.16
-0.027063476,0.022393381,0.065114937,0.226297531,0.318,12.1,35.0,0.90
-0.020956272,-0.011256313,0.063365542,0.234181959,0.212,7.5,30.1,1.21
0.003823261,-0.035601169,0.072918446,0.191186099,0.276,10.5,24.4,1.04
-0.066559805,-0.044707331,0.061946695,0.211366959,0.254,8,39.9,1.43
-0.083647099,-0.063974491,0.132011992,0.319200089,0.364,11.9,30.7,0.76
-0.024277376,0.012475306,0.063309124,0.1751525,0.236,9.4,32.8,1.28
-0.022811447,0.003601875,0.07831662,0.180864202,0.33,10.1,23.0,1.46
0.002623412,0.027652364,0.178988413,0.317662726,0.304,7.3,28.0,1.22
-0.021382087,-0.002581046,0.088033921,0.202739523,0.306,8.9,21.5,1.42
-0.002996616,0.034248997,0.161229806,0.260012764,0.3,11.4,28.6,1.06
0.020899156,-0.002524212,0.074628552,0.256765367,0.252,11.5,33.1,1.42
-0.046900052,-0.017020421,0.161614057,0.305638572,0.3,12.9,25.1,1.15
-0.034614347,-0.014971783,0.077727539,0.234151784,0.282,7.5,37.9,0.94
0.022551995,-0.009755077,0.146442002,0.285672129,0.282,8.8,27.1,1.00
-0.059483639,0.013350074,0.096114994,0.215216088,0.254,10.2,37.9,1.33
-0.018697775,-0.019374422,0.06489428,0.196819265,0.322,9.5,24.4,1.49
-0.03952203,-0.014111098,0.093955777,0.193981666,0.318,9.6,32.0,1.49
0.004458846,-0.019970658,0.100811408,0.23240933,0.316,10.8,22.4,1.13
0.053695455,-0.010824214,0.079604913,0.215256469,0.294,9.4,37.9,0.99
0.086627145,0.030889973,0.067536904,0.287455825,0.3,10.5,34.4,0.72
-0.00554104,0.03770662,0.147441288,0.285330713,0.304,10.6,28.1,1.11
0.054550506,-0.067458734,0.078999881,0.227843606,0.23,10.2,25.1,1.00
-0.075282383,-0.024732223,0.078041929,0.300824101,0.304,11.5,30.3,1.49
-0.020581074,-0.041061035,0.086665139,0.249763472,0.334,9.4,22.3,1.25
0.061642991,0.021220617,0.114752212,0.247861227,0.366,9.3,38.4,0.61
0.019203515,0.045707501,0.060511149,0.177726872,0.296,9.8,32.4,1.33
0.036372488,-0.005566896,0.092516131,0.218867675,0.29,8.9,29.2,0.85
-0.024187097,0.049529193,0.088954698,0.281169702,0.312,8.4,39.2,0.96
-0.063962672,-0.016216115,0.109263887,0.243901344,0.288,11,20.8,0.92
0.000800828,0.02547084,0.093775042,0.192179536,0.272,11.8,38.4,0.89
0.020348327,0.046519957,0.076562,0.235008439,0.296,9.5,32.8,0.79
-0.03268649,0.066046931,0.081678783,0.226857819,0.278,12.8,32.0,0.92
-0.028748339,0.012867786,0.068415526,0.273841571,0.334,7.4,29.4,1.39
0.023000109,0.011198149,0.145610797,0.247387953,0.288,9.7,22.1,0.92
0.008630415,0.034753922,0.113696026,0.21040738,0.346,10.5,35.5,0.96
0.034258342,-0.010021281,0.08136902,0.211873989,0.268,8.4,30.6,0.51
0.03377371,-0.005743838,0.137874655,0.243860479,0.232,11.2,29.2,1.37
0.029587312,0.005605419,0.159341537,0.309089573,0.376,8.5,23.7,0.53
-0.007475066,-0.051535839,0.104096298,0.258846656,0.354,9.8,31.8,0.78
0.048222164,0.020290783,0.128863469,0.262444043,0.212,9.9,26.0,1.13
0.00310301,-0.055640039,0.065083904,0.221587982,0.376,8.9,23.2,1.14
0.016230907,0.055183879,0.067237012,0.198975652,0.252,8.4,30.1,0.74
-0.046069818,-0.024146048,0.111843854,0.262394095,0.218,10.8,35.2,1.39
0.074444492,0.023576792,0.096625077,0.305087388,0.372,10.5,22.3,1.48
-0.006124282,0.0413388,0.127512566,0.251558718,0.204,10.7,21.5,1.18
0.012288425,0.02181032,0.193631878,0.293936377,0.252,11.3,27.1,0.72
-0.052499741,0.005830685,0.074818151,0.290816379,0.246,8.1,33.3,0.81
0.021872896,0.007972134,0.113140523,0.219228853,0.336,7.6,33.6,1.35
0.015667135,-0.013223228,0.152763965,0.312957117,0.338,8,26.9,1.04
0.00065721,-0.028670162,0.07636012,0.197919497,0.298,7.3,24.5,0.95
-0.003003497,-0.020054905,0.084420059,0.178269994,0.366,7.7,39.3,1.49
0.040801637,-0.043324002,0.152331705,0.317090225,0.308,11.2,29.0,0.54
-0.04590649,-0.034169678,0.1139074,0.253175684,0.308,11.1,34.0,0.69
-0.03890687,0.0319515,0.182948476,0.324325505,0.388,10.4,21.5,1.45
-0.055455708,0.03197443,0.12209585,0.258867762,0.246,11.9,28.8,1.16
0.013309445,0.024849834,0.090151372,0.16597773,0.278,9.6,36.1,1.02
-0.014756624,0.086085262,0.099812066,0.30373864,0.282,11.9,36.8,1.14
-0.012788362,0.054321181,0.113872037,0.284680114,0.332,10.3,34.3,0.70
0.017981469,-0.025559991,0.112620846,0.240290821,0.278,13,37.7,1.41
0.020658507,-0.006586123,0.102428192,0.179061932,0.368,9.6,38.7,0.82
-0.025386334,0.009368891,0.066713616,0.170581878,0.3,7.4,33.7,1.30
-0.018965084,-0.019846184,0.095977251,0.246256553,0.342,9.2,37.3,0.79
-0.012664095,-0.069990018,0.102416416,0.244170871,0.264,8.8,35.5,1.43
-0.019986214,-0.013865863,0.083747585,0.183181718,0.302,13,39.7,1.09
0.020301362,-0.024956458,0.146991204,0.292454387,0.362,8.4,20.9,1.15
0.027405597,0.007527227,0.146098996,0.244122696,0.27,8.2,22.2,1.42
-0.010528693,0.048038205,0.121564726,0.250109373,0.33,10.1,22.4,0.81
0.025775929,0.02877808,0.07543262,0.208996064,0.322,10.4,26.8,0.89
0.02542165,-0.028173745,0.181257482,0.306727997,0.298,8.9,31.3,0.63
-0.083503019,0.021102642,0.097290814,0.268037745,0.37,10.1,29.2,1.22
0.075973524,-0.005351577,0.110149926,0.287361949,0.396,11.1,23.0,1.14
-0.046699347,-0.020566153,0.139638759,0.266308233,0.32,10.7,26.9,0.87
0.001844674,-0.023398601,0.128067766,0.247964449,0.294,8.5,31.7,1.38
-0.04757568,0.037095325,0.092694099,0.257634126,0.318,11.2,26.7,1.19
0.013504588,0.090483181,0.096616738,0.272483557,0.218,9,31.2,1.31
-0.02210676,0.008690185,0.078021115,0.195208779,0.356,13.2,39.1,1.07
-0.007800978,0.0337546,0.079374556,0.210302195,0.214,10.7,28.7,1.36
-0.03770648,0.035488875,0.086572575,0.259378497,0.356,10.7,22.9,1.02
0.060503531,0.017376481,0.065262476,0.205658018,0.346,9.2,20.6,1.03
0.074103626,0.012611709,0.109570582,0.26341633,0.314,10.3,24.5,1.47
-0.021510079,-0.016665059,0.079034462,0.236201605,0.266,9.9,27.3,1.27
0.026815536,0.031104247,0.126137046,0.316906411,0.2,6.5,20.3,0.86
-0.007307019,-0.024185401,0.13605451,0.275854159,0.372,9.2,30.4,0.93
0.04428414,0.030922221,0.081394989,0.205716368,0.316,6.2,38.5,0.93
-0.003502759,-0.030412354,0.116281398,0.236829697,0.322,11.4,34.1,0.84
-0.014124242,0.025221046,0.088379325,0.172698987,0.262,9.8,28.4,0.81
0.005211382,0.032045262,0.084873919,0.198428167,0.362,9.3,36.3,0.83
0.015656036,0.018406558,0.063675367,0.180721232,0.332,9.4,32.5,1.04
0.050608811,0.036761506,0.109438975,0.257636595,0.202,6.7,28.7,0.58
0.001065655,0.048212154,0.0947599,0.323918777,0.242,10.2,24.9,0.67
-0.019668592,-0.084088209,0.11578183,0.305009877,0.312,13,39.5,0.79
0.029870708,0.029683463,0.091167862,0.302768781,0.284,11.2,36.5,1.21
-0.015019457,0.019118019,0.179877297,0.319873683,0.302,9.8,28.9,1.02
0.03995456,-3.67E-05,0.164091614,0.292115874,0.342,11.5,30.0,1.12
-0.046869282,0.024530423,0.174426353,0.301080615,0.374,7.5,25.8,1.26
0.028102185,0.040294135,0.063396976,0.183996545,0.26,8.9,27.2,1.39
-0.049331307,0.030773136,0.076321792,0.192710308,0.32,8.6,31.0,0.87
-0.020089735,-0.000330203,0.122314932,0.255893745,0.344,8.8,23.2,0.90
-0.021315944,-0.021963135,0.18108318,0.313199978,0.36,8.7,27.6,0.87
0.060990492,0.03387008,0.092514233,0.253898381,0.356,9.1,26.9,1.00
0.001596682,-0.026572383,0.150696894,0.237031005,0.328,12.3,36.4,1.46
0.00178895,0.061979794,0.074180863,0.220463512,0.256,13.3,36.1,1.21
-0.047558589,-0.002822138,0.153746446,0.30052379,0.282,12.1,27.3,0.81
-0.048179258,-0.023392829,0.090498168,0.208732839,0.374,9.4,23.6,1.38
-0.022004861,0.015098094,0.092538206,0.170282812,0.222,11.7,39.7,0.54
0.009397927,0.019163526,0.12844019,0.215146775,0.352,9.2,31.5,0.84
0.017666906,-0.015068389,0.128941032,0.317278501,0.298,10.3,22.6,0.89
0.007267549,0.0182098,0.110022648,0.173701256,0.318,9.3,35.3,1.32
0.002046629,0.044503869,0.056480283,0.216539812,0.29,13.1,36.6,1.47
0.024878523,-0.056128232,0.107883089,0.315128319,0.344,9.9,28.1,1.16
0.031058205,0.013471307,0.172363871,0.309882415,0.286,10.9,39.9,1.15
0.016626003,-0.034339058,0.145985178,0.290783712,0.308,9.7,23.0,1.48
0.026949639,-0.004875084,0.109175866,0.230183092,0.322,9.7,35.1,1.37
0.000189419,0.024988467,0.098059072,0.180445207,0.382,8.9,24.5,0.77
-0.03743112,-0.00578988,0.071618024,0.20294392,0.33,5.4,38.3,1.19
-0.010954958,-0.0673634,0.066316453,0.222572163,0.376,10.9,33.2,1.17
0.023080031,-0.044441546,0.063323705,0.233007681,0.226,9.6,37.2,0.78
0.007387431,-0.02191753,0.119048706,0.216368157,0.208,9.1,31.4,1.19
0.042571768,-0.016768483,0.08400633,0.178880836,0.224,9.8,24.7,1.14
0.027507239,0.013666338,0.090262165,0.218971117,0.226,9.9,34.1,0.57
-0.018422011,0.023743207,0.098937779,0.29078725,0.244,8.6,21.8,0.55
-0.036717237,0.007763991,0.073057985,0.171481227,0.3,12.8,22.8,1.06
-0.012003599,0.048127593,0.108069125,0.242538416,0.338,9.3,22.6,1.47
0.021405276,-0.039826067,0.066221642,0.197633256,0.274,7.7,22.0,1.10
0.019197585,-0.006614765,0.084919284,0.174145462,0.362,10.2,30.3,0.81
0.031051158,-0.011600513,0.113883027,0.270756717,0.322,9.5,32.7,0.69
-0.01716871,-0.080375843,0.104392698,0.293784033,0.286,9.4,21.6,1.08
-0.03185651,0.028815684,0.084259887,0.222009368,0.292,7.5,36.3,0.92
0.03370577,-0.014504942,0.13975906,0.237254268,0.326,12.2,34.7,1.25
0.014184751,-0.027343662,0.14044565,0.218646051,0.264,9.5,35.2,1.47
0.116181015,-0.048227139,0.058032704,0.282883895,0.28,7.3,22.7,0.77
0.046398255,-0.010134633,0.106432494,0.230336592,0.238,11.7,37.7,0.59
-0.034202667,-0.033595507,0.080124271,0.18958416,0.318,10.1,32.7,1.04
0.041253408,-0.038914933,0.08627169,0.295779486,0.252,9.9,30.7,1.16
0.086687599,-0.046656611,0.073645307,0.283904741,0.302,9.4,28.9,1.45
-0.018767922,-0.000488121,0.112852984,0.177064936,0.344,12,35.2,0.91
0.010023062,0.086854127,0.078363738,0.272975514,0.228,8.6,35.3,0.96
0.040900526,0.055593657,0.07620841,0.222080823,0.242,9.8,26.5,0.92
0.007261978,0.039823472,0.105142979,0.205618614,0.274,8.5,26.8,1.04
-0.009567151,-0.018528656,0.132526871,0.308427615,0.256,9.8,36.9,0.94
0.017989727,0.01963323,0.138720761,0.234287083,0.386,9.4,28.4,0.75
-0.026019472,-0.113751838,0.058597303,0.295193467,0.37,7.5,37.2,1.18
0.014399446,-0.077006445,0.063308103,0.223540724,0.304,12.7,29.6,0.61
0.077545133,0.001630443,0.087908035,0.263607352,0.34,11.1,21.0,1.42
0.025186097,0.018481397,0.09423679,0.207076378,0.23,13.4,20.9,0.92
-0.02087714,0.028370675,0.187744468,0.316173327,0.35,9.8,20.5,1.16
-0.031365037,-0.055399376,0.166975441,0.332168718,0.38,9.9,23.1,0.76
0.035835838,0.093024103,0.075298162,0.233161768,0.22,7.6,21.1,1.21
0.020518287,0.010243069,0.111110514,0.293273075,0.254,10.1,20.1,0.64
-0.003872273,-0.062944744,0.061737444,0.171883791,0.222,9.1,28.5,1.20
0.016500784,0.021572067,0.078218426,0.201914735,0.292,10.1,34.0,0.68
0.010476531,-0.026551265,0.07956437,0.194658958,0.242,8.6,38.3,0.59
-0.117684828,0.012643615,0.054414191,0.254464795,0.336,8.9,23.0,0.56
-0.023420036,0.001234648,0.127966512,0.217981876,0.218,11.2,24.9,0.98
-0.004144183,-0.032736963,0.121870281,0.228932306,0.238,8.7,31.5,1.23
0.032677211,-0.027509012,0.06849524,0.193874344,0.314,5.7,22.9,1.44
0.013695712,0.018095973,0.118008195,0.193340834,0.292,10.3,38.8,0.59
-0.025250939,0.004896009,0.147610902,0.248258532,0.314,12.2,33.5,1.45
0.028050123,0.08140596,0.079412318,0.328871105,0.346,7.9,22.7,1.48
-0.00752184,-0.040030607,0.064184129,0.232840187,0.294,10.4,21.6,0.94
-0.022801112,0.034363628,0.104112478,0.250725262,0.242,8.6,33.8,1.36
-0.021622638,-0.009126967,0.143411078,0.275320941,0.3,13,36.6,0.84
-0.009104776,0.01818346,0.140900266,0.229605286,0.362,9.9,30.5,0.82
-0.029601327,0.009417576,0.099189938,0.180600448,0.278,12.9,27.7,0.80
0.049326607,-0.035414083,0.151606756,0.294634986,0.21,10.9,36.7,1.19
0.016945756,0.020415283,0.112290573,0.256973915,0.266,11.2,21.0,0.82
0.025016472,-0.01716831,0.081331293,0.172287506,0.266,9,34.3,1.34
0.056617246,0.017105984,0.059032246,0.185930759,0.29,9.1,26.7,1.22
-0.034809919,-0.019826911,0.114701659,0.258273632,0.382,9.6,27.6,1.27
0.014918146,0.016290902,0.133334602,0.230949471,0.326,11,39.3,0.94
0.000353629,-0.023601466,0.13740972,0.238777423,0.268,8.6,22.3,1.39
-0.021158285,-0.026346382,0.164084097,0.31484073,0.366,9.5,32.0,0.70
0.082765938,-0.056371321,0.059854573,0.284966527,0.254,10.4,31.2,0.80
0.040627705,0.031698806,0.10780552,0.319068933,0.288,11.1,34.9,0.63
0.007718295,0.04740827,0.09059673,0.199280371,0.268,8,26.9,1.32
-0.044675631,0.044758787,0.077627121,0.218680811,0.324,7.6,26.2,1.38
0.042524358,-0.039956367,0.133690343,0.304269199,0.272,11.4,23.9,0.83
0.016082764,0.042610306,0.103441088,0.238697584,0.312,10.1,23.5,1.49
-0.022557299,0.035337466,0.124717213,0.330078411,0.358,8.1,34.0,0.78
-0.039106997,-0.033131989,0.096780628,0.251271073,0.206,9,28.0,0.82
-0.002930003,-0.025766907,0.092360069,0.177067266,0.276,10.1,22.3,0.92
0.02910833,-0.013021315,0.0910929,0.201691911,0.248,8.7,38.0,1.45
0.028210831,-0.004546219,0.117956495,0.258312069,0.294,10.6,31.7,0.61
0.032140168,-0.033801519,0.064476794,0.247880447,0.288,9.7,33.4,0.97
0.009599769,-0.053230507,0.128781995,0.273520331,0.298,10.6,38.0,1.14
-0.009495965,-0.020770031,0.151477716,0.290173129,0.338,11.4,28.9,1.06
-0.02945071,0.01165952,0.077256411,0.254311478,0.28,11,33.8,1.44
-0.019098352,0.022631497,0.12513017,0.219562159,0.358,10.8,36.7,1.27
0.028246555,0.002316974,0.081115231,0.310840155,0.362,9.9,32.9,1.14
0.064630317,-0.093404735,0.057596566,0.268996779,0.262,11.1,26.6,0.76
-0.024397357,0.008895431,0.131612735,0.279570592,0.308,8.1,27.4,0.67
0.010145613,0.032934165,0.154366055,0.248561881,0.312,9.2,33.7,0.95
0.051450348,-0.035458684,0.09646029,0.318449569,0.286,12,22.7,1.38
0.003946514,0.022929069,0.089159418,0.226823887,0.306,12.5,29.9,1.33
0.021798903,0.033228986,0.139990541,0.267362616,0.294,10.9,31.6,1.43
0.017425751,0.020569838,0.131337204,0.256877336,0.272,8.2,28.2,1.02
0.019739952,-0.007438722,0.09184391,0.170578222,0.38,12.3,20.3,0.57
0.008096748,-0.02505863,0.113363376,0.201210651,0.298,8.6,24.1,1.16
0.003095299,-0.031138419,0.10268697,0.231214741,0.292,9.4,36.7,1.46
-0.017386367,-0.01371476,0.092567743,0.165317402,0.246,8.9,28.8,1.07
0.046054875,0.045476862,0.079384048,0.240647518,0.318,10.4,20.1,0.89
0.00853315,-0.020179307,0.084125721,0.165826797,0.336,12,35.7,1.18
-0.040518342,-0.017219962,0.078912955,0.248888786,0.322,7.9,22.2,1.12
-0.000200983,0.089846562,0.090621612,0.299636755,0.312,8.9,22.4,1.12
-0.013449153,-0.015779821,0.113362529,0.222253381,0.294,10.9,24.0,1.28
-0.008950374,-0.047319808,0.065482622,0.27155384,0.266,5.2,35.1,0.71
0.034988012,-0.039235387,0.075361068,0.178942966,0.372,10.2,36.4,1.15
-0.004894732,0.028559378,0.059614598,0.300791314,0.384,8.6,30.4,0.78
0.016174136,0.014540931,0.102197106,0.190994494,0.318,8.4,28.8,0.65
0.095837584,-0.028866713,0.09618452,0.32430014,0.216,8.8,33.1,0.84
-0.041127438,-0.013971682,0.176457016,0.302296956,0.374,7.2,29.2,1.26
0.045810402,0.055974127,0.06413857,0.286179223,0.228,9.2,20.4,0.56
0.024405975,0.00596885,0.096815687,0.182737186,0.364,11.6,26.6,0.59
-0.052289471,-0.008161002,0.180288683,0.308423528,0.256,8.6,31.9,0.98
-0.028428362,-0.001027108,0.15735758,0.256460756,0.36,9.2,38.0,0.96
0.05366854,0.078219724,0.108093916,0.295755299,0.384,11.1,26.3,1.25
0.039887278,-0.019929311,0.110863271,0.210249225,0.338,14.4,36.5,1.15
-0.001490499,0.040762775,0.119335827,0.215813676,0.37,12.6,25.5,1.24
-0.004284777,0.024948627,0.088776948,0.173379711,0.274,9.4,33.8,1.43
-0.006346903,-0.047993126,0.100335425,0.3209615,0.238,11,37.5,1.30
-0.016079233,-0.012853281,0.079483514,0.173185787,0.232,10.7,20.2,1.31
0.036048972,-0.034881021,0.135047166,0.258117085,0.284,11.7,37.3,1.21
-0.011024259,-0.017400395,0.12507933,0.286573588,0.302,6.9,33.7,1.02
0.012343453,0.044021576,0.20147043,0.32498079,0.24,10.3,36.4,1.45
0.023075298,0.058358513,0.075126054,0.198904543,0.332,8.8,25.2,0.91
0.022740741,0.041694296,0.119957133,0.306848072,0.26,12.4,27.1,0.67
-0.031745585,-0.012136555,0.090157457,0.176213328,0.288,9,33.2,0.64
0.015174458,-0.025015385,0.082137502,0.170470692,0.394,6.6,32.0,1.03
-0.044400496,-0.030840378,0.099880281,0.261904464,0.388,8.1,22.9,0.64
0.075466393,-0.011713484,0.088090813,0.256997682,0.256,6.4,34.5,0.81
-0.015845251,-0.071466786,0.083331526,0.265406552,0.324,7.3,20.7,0.97
-0.037608409,-0.017954947,0.165654259,0.330043215,0.234,11.9,30.8,0.76
0.053468413,0.052503722,0.096274792,0.253531088,0.288,8.7,31.3,1.31
0.002505765,0.024918077,0.143582978,0.305871958,0.304,10.9,20.0,0.56
-0.046994384,-0.043054931,0.063583889,0.19009209,0.25,10.7,39.4,1.07
0.016094148,0.012883128,0.105717531,0.186281378,0.266,10.7,31.5,0.88
-0.029669275,0.116317364,0.095086614,0.309507201,0.3,9.9,28.4,0.76
0.002576265,-0.044052138,0.082009619,0.226520299,0.314,10,27.2,0.94
-0.013811261,0.025919221,0.116535126,0.250201393,0.32,11.1,26.9,1.34
-0.021604705,0.005917016,0.10214435,0.287642144,0.204,9.2,34.7,0.82
-0.015599621,0.014053659,0.088873956,0.202867674,0.25,12.3,25.0,0.98
0.028512271,-0.006261962,0.092883525,0.172809495,0.218,11.9,37.2,1.48
-0.019717331,0.014832158,0.102568665,0.222730601,0.248,9.6,33.7,0.89
-0.018633721,0.028339427,0.05273486,0.305706074,0.3,10.3,24.1,1.04
0.068975096,-0.008974886,0.13591821,0.311553903,0.274,9.9,30.5,1.35
-0.010402841,-0.017373569,0.103410971,0.18540122,0.308,9.8,38.0,1.38
0.015950605,-0.035952878,0.064972231,0.195703349,0.386,10.1,34.5,1.05
-0.015771711,-0.040563774,0.103387098,0.239987878,0.368,8.5,36.3,1.28
-0.00418669,-0.020153248,0.13239808,0.203124657,0.368,9,29.2,1.46
-0.025112878,-0.015374354,0.08760428,0.199813946,0.332,8.5,33.2,1.40
0.023716274,0.022491129,0.067662771,0.188136525,0.284,8.7,23.9,0.90
0.010660414,-0.0465129,0.086691793,0.304599306,0.276,11.4,35.1,0.54
-0.046891724,0.017448334,0.097414123,0.261137144,0.284,11.9,37.3,0.95
0.004119265,0.020070767,0.161828065,0.283966606,0.256,13.8,31.5,0.74
-0.012019864,-0.016454035,0.131191114,0.265447977,0.342,10.9,29.6,1.32
0.000799722,-0.032856211,0.170901292,0.280366274,0.336,12.3,21.5,1.12
-0.003971072,0.022129446,0.113538313,0.251999583,0.26,9.1,27.1,0.70
0.025151509,-0.002995018,0.071221902,0.228098083,0.36,7.2,39.5,1.22
0.015839296,-0.015198082,0.103790358,0.187343552,0.388,7.2,31.4,1.09
0.081501826,0.048923726,0.147264731,0.321506725,0.356,13,27.8,1.14
0.039617053,0.002280895,0.111278207,0.299415238,0.342,11.9,20.5,0.87
0.073944355,0.04063596,0.077266875,0.300724558,0.358,8,20.3,1.47
-0.022597133,0.057856427,0.147264693,0.304915243,0.26,8.3,31.0,1.28
0.012891871,-0.023836937,0.069852233,0.209127783,0.284,9.5,39.3,0.87
-0.034094913,0.018393664,0.064646309,0.214693294,0.368,9.1,35.1,0.89
-0.090483267,0.065938656,0.099458798,0.326784248,0.346,9.6,28.9,1.49
0.111826277,0.034564728,0.105745976,0.324691906,0.338,6.6,32.2,0.92
0.031300369,0.022435396,0.097327907,0.210735798,0.302,6.5,35.2,1.49
0.010081286,0.017458373,0.134087984,0.260785687,0.216,9.4,37.3,1.38
0.009773534,0.022204699,0.056830577,0.327779051,0.244,13.1,23.0,0.92
-0.00054086,0.020249031,0.06884465,0.191130399,0.29,13.7,32.1,1.09
-0.042578848,0.014811384,0.143162544,0.31143807,0.264,12.4,26.6,0.59
-0.044724984,0.02103471,0.074154277,0.17482775,0.394,12.5,20.8,0.76
-0.018890358,0.024419927,0.106694467,0.216789931,0.31,8.3,36.1,1.49
0.018417976,0.012336298,0.067229761,0.174624319,0.332,7.9,32.5,1.22
0.050760321,-0.038587898,0.060823436,0.243954711,0.35,8.2,37.9,1.50
0.064324321,-0.118348878,0.077568233,0.281836753,0.25,11.7,36.5,0.75
0.012154397,0.019352928,0.129422211,0.207200635,0.254,8.2,35.9,1.22
-0.013817072,-0.016299027,0.137968807,0.229934676,0.288,10.3,38.5,1.42
0.029827267,0.021263396,0.197779922,0.315148295,0.328,9.1,22.7,1.29
-0.045318394,0.014008043,0.058804382,0.26390015,0.242,9.7,32.7,1.10
-0.101017277,0.013453258,0.11148834,0.288121042,0.312,5.4,37.3,1.47
-0.031094192,0.015600267,0.157740723,0.295781666,0.21,9.7,40.0,1.40
0.011556855,0.018963881,0.063524732,0.211252048,0.358,9.3,28.4,0.68
0.020443463,-0.017131545,0.113690697,0.209222564,0.296,9.9,27.9,1.45
0.106014795,-0.006466161,0.082432394,0.288707338,0.256,9.9,35.4,0.84
-0.05903303,-0.038486896,0.057558574,0.288567389,0.334,9.4,28.8,1.33
0.039044743,0.001291488,0.163916891,0.309943345,0.258,8.4,29.1,1.04
0.018958812,0.012149626,0.132283701,0.253997843,0.248,10.6,21.5,0.94
-0.054813311,-0.041135028,0.103356279,0.303031976,0.312,10.4,39.8,0.50
-0.001591526,-0.038421083,0.080215145,0.243000021,0.282,8.9,39.1,1.19
0.021694427,-0.005950337,0.093692541,0.177171406,0.386,11.7,35.3,1.35
-0.007000951,-0.055669886,0.119681277,0.2551256,0.302,11.3,23.7,0.58
0.037228096,0.039557078,0.074844597,0.260274649,0.39,10.4,20.3,1.47
0.00890134,0.06333924,0.070499957,0.313084969,0.334,9.7,26.9,1.07
0.007245088,-0.030522795,0.08312288,0.201220887,0.266,5.8,26.2,0.90
-0.024604804,0.014839833,0.109772736,0.217802236,0.38,8.2,26.3,0.70
-0.035886619,0.020930279,0.074633159,0.306412008,0.254,12.2,34.1,0.80
0.008907535,-0.019360514,0.080599145,0.176231421,0.262,13.6,36.9,1.05
-0.006551319,-0.032243893,0.11259162,0.247660512,0.256,11,20.5,0.80
0.065843645,0.050806559,0.078852913,0.242242386,0.308,9.9,36.7,0.55
-0.010609313,0.024261877,0.07411206,0.195364257,0.28,8.8,30.0,1.14
-0.025802226,-0.071459982,0.084857033,0.241389686,0.3,11,29.7,0.74
-0.031042402,-0.000733124,0.072427348,0.186941604,0.288,11.4,30.7,0.52
0.011795514,-0.017095411,0.1303468,0.287382042,0.298,13.1,30.9,0.56
0.04840365,0.022203395,0.093202676,0.227605055,0.214,11.9,26.9,1.02
-0.017971401,0.017131172,0.140394529,0.254810829,0.384,10.8,36.5,0.87
-0.000195782,-0.046088645,0.191804132,0.327810879,0.384,9.6,35.7,0.55
-0.022378851,-0.007198128,0.203702009,0.337011753,0.212,14,37.7,1.23
0.030155176,-0.073790787,0.104144612,0.305532043,0.338,9.3,34.3,0.80
0.023402781,-0.001032314,0.113053049,0.190300133,0.284,6.9,29.6,0.83
0.044526001,-0.001141369,0.07110871,0.29767321,0.23,10.2,38.4,0.50
-0.027121772,-0.012224699,0.167590741,0.28970094,0.312,8.6,37.2,0.97
0.022647532,-0.007226549,0.139536114,0.241501714,0.256,9.3,28.3,1.07
0.036258183,-0.00025465,0.059708847,0.227640529,0.252,8.9,38.8,1.00
0.00225131,-0.026513024,0.1931754,0.323550123,0.226,9.2,35.8,1.05
-0.015248267,-0.014126082,0.112227566,0.202183443,0.31,13.2,20.7,0.62
0.024218009,0.047071462,0.146411601,0.303179387,0.342,8.4,31.9,0.76
0.019452907,-0.071996593,0.066941237,0.254249826,0.344,8.2,22.6,1.26
0.007129226,-0.019732096,0.088165309,0.315162996,0.246,10,26.9,1.12
-0.004632925,-0.076947857,0.117388893,0.254912907,0.26,10.5,34.4,0.53
0.034674012,-0.036904941,0.108111125,0.228106592,0.276,9.7,30.1,1.40
0.031923685,0.071977549,0.134910891,0.295945257,0.268,10.7,29.1,1.27
0.063194529,0.047469558,0.056790156,0.275143288,0.26,10.1,31.3,0.82
-0.049831454,0.0312759,0.072433436,0.183825061,0.318,7.6,20.6,0.69
-0.025207716,0.008198669,0.159750309,0.308292809,0.32,13.7,21.9,1.45
-0.015653765,0.028298038,0.092567519,0.220361293,0.372,8.6,30.9,0.79
0.024207835,-0.020292635,0.09124645,0.204706494,0.392,8.7,39.2,0.53
0.0366953,0.032307207,0.198489594,0.316119311,0.208,11,38.7,1.26
-0.026362933,0.018869572,0.093787558,0.235543087,0.348,9.8,37.3,1.17
0.03853319,-0.008087959,0.128754316,0.297909396,0.332,7.5,31.3,0.90
-0.027793456,-0.129356152,0.056672221,0.275867063,0.34,7.6,21.8,0.56
0.032328611,0.028724481,0.094210835,0.221858283,0.4,11,32.0,1.46
-0.019209722,-0.03640366,0.09241536,0.213465284,0.304,9.4,31.5,1.46
-0.038046266,-0.013824067,0.144765478,0.315115572,0.316,9.8,21.0,0.69
-0.022976991,-0.08041186,0.061405579,0.230010179,0.238,9.9,29.1,1.28
-0.038120889,-0.02030947,0.077187445,0.277305325,0.288,10,20.6,0.93
0.008653013,0.133013023,0.077598024,0.310605977,0.284,8.5,27.5,1.43
-0.022155182,0.003840841,0.091748575,0.189848103,0.29,8,27.3,1.24
0.055007384,0.038332631,0.068783806,0.205533872,0.262,9.7,37.5,0.97
0.036241828,0.03753708,0.110537946,0.248786064,0.308,9.4,38.5,0.80
0.033029756,0.02145909,0.082681814,0.217089254,0.35,10.9,29.8,0.79
-0.000903026,-0.036157846,0.080824421,0.206064746,0.334,8.8,20.8,1.26
0.002572176,0.048068668,0.082500699,0.246292658,0.294,12.9,28.7,1.38
-0.059435011,0.050653686,0.097885524,0.268970103,0.284,6.9,24.7,0.73
-0.025425839,0.012497086,0.062739178,0.308489596,0.316,9.5,25.0,0.91
-0.029633231,-0.026404153,0.107128174,0.277490294,0.21,10.6,36.1,0.80
-0.046358244,-0.063695208,0.078997788,0.281890466,0.266,8.4,33.4,1.44
-0.016997628,-0.042520512,0.134912194,0.318609854,0.296,7.8,39.5,1.36
-0.001872118,-0.055573071,0.099120769,0.245463717,0.278,13.2,21.2,0.92
-0.033502185,0.028613429,0.162356085,0.315380086,0.298,10.3,28.0,1.11
-0.010472962,0.024022908,0.126385358,0.278210008,0.248,9.4,37.8,1.03
-0.017232285,-0.060230046,0.10483725,0.276223141,0.236,14.7,20.1,0.82
-0.00506919,0.029892189,0.104560192,0.246972492,0.366,12.4,29.2,1.24
0.023752138,-0.011363819,0.150349084,0.225093868,0.24,9.2,29.8,0.56
-0.05439439,-0.003457074,0.090842621,0.261606399,0.328,10.5,36.5,0.74
0.047380932,0.027645749,0.078423567,0.241556831,0.21,6.5,39.3,0.65
-0.024192978,0.047920684,0.096081445,0.241911672,0.28,11.7,27.9,1.47
0.029744246,0.043703448,0.165862377,0.287126726,0.302,14.1,29.5,0.77
0.019894384,0.00327471,0.107851245,0.203509693,0.364,12.5,20.4,1.16
0.028514627,0.053165539,0.083608351,0.246478274,0.304,10.8,29.5,0.92
0.035065155,-0.054065607,0.063644232,0.176748125,0.216,7.3,34.5,0.98
-0.0071074,0.018722763,0.126332364,0.230944035,0.306,10.8,34.0,1.11
-0.003157799,0.023990069,0.081835665,0.173958179,0.256,11.1,20.6,1.38
0.022354905,-0.004065774,0.164306334,0.299892789,0.308,7.3,24.7,0.75
-0.07656303,-0.031623353,0.079824041,0.234761418,0.328,7.5,34.6,0.74
0.058766396,-0.026038935,0.150145931,0.312622822,0.378,9.5,33.0,1.01
0.037917157,0.024209641,0.059739823,0.243549176,0.218,11.6,36.4,0.87
-0.009650974,0.018877752,0.085463875,0.168988677,0.26,10.4,23.4,1.08
0.054448283,0.023933648,0.060729565,0.205885255,0.28,11.4,34.9,1.14
0.015182869,0.040297778,0.080993102,0.262818553,0.278,10.9,25.6,0.73
-0.009647175,-0.021875722,0.132829944,0.247884457,0.29,12,27.3,0.66
-0.014278528,-0.017275903,0.086709273,0.190260127,0.254,8.5,23.0,1.11
-0.031641753,-0.024376383,0.182396853,0.327411084,0.34,8.4,32.2,1.44
-0.03805632,-0.057240027,0.054686243,0.19316399,0.356,9,39.6,0.70
0.037599915,0.02948567,0.060730396,0.257331839,0.398,9.9,36.1,1.41
-0.013056841,-0.01905957,0.080139483,0.244684463,0.348,9.6,28.5,0.72
-0.024780059,-0.017594987,0.135599361,0.312493266,0.23,7.6,29.2,0.50
0.022379995,-0.044560224,0.108675515,0.246366062,0.336,6.3,37.9,1.45
0.006456425,0.031482674,0.203480854,0.334453677,0.318,10.5,24.5,0.97
-0.006641503,0.032574968,0.172151761,0.28266363,0.3,9.3,22.9,0.66
0.010234067,0.029454751,0.105298155,0.235996504,0.27,11,28.9,1.06
-0.050760248,-0.048674092,0.056458463,0.301490323,0.264,8.7,24.3,1.46
0.026339384,-0.033055447,0.095993618,0.207157991,0.264,11.9,39.5,1.31
0.005611383,-0.021157096,0.080326357,0.251460076,0.294,10.8,24.8,1.37
0.020884621,0.008742618,0.105590987,0.190059792,0.28,7.3,37.7,1.14
-0.065145564,0.01519388,0.085723519,0.3131109,0.286,11.2,26.8,0.84
0.02297847,-0.053448877,0.113374985,0.283109161,0.374,10.7,37.2,1.41
-0.00222997,0.029314114,0.097659671,0.221552008,0.276,10,31.1,0.94
0.073183668,0.047960016,0.068701224,0.287499031,0.22,14.9,34.8,0.83
0.004506529,-0.024740324,0.08370639,0.213613794,0.34,12.7,37.5,0.56
0.054873785,-0.063192431,0.105554666,0.298984778,0.4,9,25.9,1.23
-0.057232818,-0.103267727,0.064830197,0.307444875,0.308,9.8,30.2,1.03
0.012323175,-0.017710348,0.12646234,0.205462416,0.29,7.5,29.6,0.66
-0.001456904,-0.019203641,0.096504161,0.168521675,0.202,8.6,24.0,1.23
0.01969118,-0.016937667,0.096796229,0.170101131,0.294,7,31.6,0.77
-0.065181069,-0.009083007,0.107496467,0.271424641,0.262,7.3,32.0,1.21
-0.02275314,0.071306175,0.148932876,0.318628173,0.388,9.5,38.5,1.15
-0.00554252,0.019319141,0.148858086,0.223291461,0.346,14.8,30.0,0.81
-0.038174018,-0.046320069,0.17830853,0.312803037,0.216,9.5,36.3,1.09
-0.003519269,-0.067705849,0.127118952,0.280022434,0.232,7.7,30.1,0.88
-0.034322627,0.019505776,0.106072568,0.245718676,0.242,11.1,31.4,0.97
0.006602852,-0.023046072,0.164639566,0.279369718,0.358,13.2,25.8,0.74
0.007474107,-0.03305045,0.102655544,0.193603519,0.262,8.7,23.3,0.89
-0.013372267,0.022885666,0.091281825,0.202804831,0.266,10,27.4,0.69
0.00905996,-0.044326429,0.085812089,0.21499007,0.316,9,28.9,0.60
-0.071920883,0.029358517,0.076597641,0.227568182,0.272,10.3,21.1,1.20
-0.013957758,0.027801429,0.068752005,0.233883449,0.34,12.9,39.4,0.96
0.014684468,-0.024988129,0.19004417,0.288027953,0.272,10.2,33.9,0.65
-0.073102974,0.037343692,0.11314535,0.325276731,0.27,12.1,28.9,1.50
-0.02616303,0.01359345,0.161564427,0.284689653,0.34,12.4,39.5,0.72
0.028384698,0.001823292,0.128275411,0.250997006,0.222,9.6,22.0,1.37
-0.018370928,0.043297482,0.107814635,0.284204954,0.274,7.6,30.6,1.16
-0.04338596,-0.012738541,0.198170119,0.319479133,0.336,10.4,22.7,0.62
-0.002723986,0.065867496,0.141751326,0.315643415,0.242,11,31.9,1.07
-0.029188232,0.025282571,0.115622024,0.257026885,0.204,9.1,33.3,0.52
-0.02702053,0.011018578,0.075568358,0.19958462,0.394,10.9,29.6,1.03
-0.019029603,0.01245485,0.080597375,0.185347341,0.372,6.9,20.0,0.74
-0.02310413,0.010339161,0.091642601,0.181835148,0.296,8.3,35.0,1.03
0.042484176,0.013130594,0.086948042,0.208143037,0.278,8.7,34.8,1.09
-0.001986241,-0.01981488,0.116280329,0.201878174,0.354,7.6,30.1,0.64
0.021677432,0.005952663,0.151349207,0.279930822,0.384,6.6,29.6,1.25
-0.021095546,0.015771267,0.089736828,0.201856375,0.296,9.9,33.6,1.26
0.011734602,0.040090239,0.101529501,0.206480167,0.28,10.4,23.6,0.87
0.011165034,0.017403651,0.133911394,0.232644536,0.274,9.8,33.9,1.26
-0.019419368,0.017533143,0.114588514,0.21681759,0.308,9.8,25.5,0.96
0.03023526,0.013030318,0.125719197,0.279127403,0.298,9.4,21.1,0.54
0.025137322,0.02693028,0.186164521,0.310159625,0.312,10.1,33.8,1.05
-0.019032734,-0.036682015,0.073259645,0.312841088,0.302,10.7,38.9,1.37
0.063010289,0.030233914,0.11982783,0.246816555,0.24,9.1,35.5,0.68
0.007728234,0.033333556,0.118880879,0.251940091,0.3,5.8,33.6,1.48
-0.063852833,0.01357582,0.104244541,0.276966235,0.372,13.7,20.0,0.66
-0.040130056,-0.006359274,0.073543664,0.265843095,0.222,9.1,39.9,1.50
0.024091637,0.00229508,0.162871623,0.273601995,0.228,12.2,37.1,0.80
-0.017380532,-0.017030647,0.085963236,0.254079228,0.29,9.6,37.3,1.33
0.002948406,-0.027741045,0.118757657,0.222467141,0.226,9.8,24.8,0.64
-0.015802577,0.026577338,0.156374694,0.304279866,0.206,10.7,23.3,0.83
-0.006024687,0.025600102,0.072510777,0.181256552,0.39,11.4,34.7,0.88
-0.019955363,0.083446502,0.074566515,0.262468677,0.328,8.8,20.1,0.94
-0.022907893,-0.023062844,0.094453605,0.286719783,0.26,10.9,29.1,1.20
0.007528222,0.089246791,0.132976825,0.335809987,0.312,10.4,38.9,0.99
0.03704554,-0.003226763,0.167828694,0.322371086,0.232,13.6,24.1,1.46
-0.0331276,0.007866838,0.110269374,0.258730876,0.266,12.3,24.8,1.04
0.037786553,-0.004775911,0.063000031,0.188806106,0.394,10.7,29.9,1.50
0.04000778,-0.005639345,0.141520362,0.27742552,0.238,14.9,35.0,0.68
0.034718509,0.005850992,0.145422999,0.23967538,0.292,11.7,24.5,1.30
0.052632425,-0.075484757,0.061365753,0.294634887,0.302,7.6,23.8,0.88
-0.002072974,-0.020095212,0.174225356,0.323805475,0.268,9.6,21.1,1.36
0.018837179,0.014058993,0.058258462,0.322213574,0.304,9.5,26.4,1.50
0.052090615,-0.057303877,0.083095291,0.264487813,0.254,10.5,25.1,1.05
-0.044818444,-0.103063869,0.077879792,0.257562207,0.298,10.4,21.3,1.03
0.164169939,0.018629593,0.05841913,0.303112267,0.27,8.9,26.9,1.20
-0.02351855,0.02213958,0.096926969,0.173600753,0.264,8.1,36.6,0.86
0.02018697,0.041960328,0.12693366,0.265583015,0.28,9.1,36.9,1.28
-0.023910233,0.027837041,0.14876909,0.331058998,0.316,8.7,27.0,1.14
0.032594565,0.001084906,0.075512627,0.173179819,0.278,10.1,21.5,0.53
-0.019399442,0.09162461,0.099070412,0.307693206,0.354,13,34.6,1.24
-0.013757394,0.029278652,0.060788505,0.19027899,0.398,10.4,32.5,0.56
0.006410835,0.061706448,0.07187737,0.22152543,0.298,5.8,32.2,1.29
0.016249853,0.021939852,0.078200183,0.183671735,0.318,10.2,23.8,1.21
-0.010946447,-0.020171011,0.134896266,0.201293299,0.326,11.8,36.3,0.82
-0.063232809,0.023405949,0.075404484,0.263714607,0.306,14.6,32.0,1.10
0.008788173,0.04031158,0.102143542,0.209083386,0.28,10,33.1,1.20
-0.046961414,-0.011595049,0.114603118,0.241125613,0.282,8.5,21.8,0.55
0.031169303,0.051509,0.081106095,0.292724505,0.33,8.1,27.2,1.38
-0.042152118,-0.019843741,0.095646038,0.256977491,0.302,9.8,38.2,1.05
-0.021209692,-0.015720136,0.098779573,0.312884309,0.22,8.5,28.5,0.65
-0.04457156,0.032400702,0.072532566,0.253731936,0.262,11,30.4,1.00
-0.018688459,0.025132238,0.063179151,0.202479479,0.316,13.7,33.7,1.37
0.065157387,-0.057365529,0.10683121,0.271757723,0.36,11.2,34.4,0.67
0.052400514,-0.008708693,0.072416754,0.314690133,0.282,9.7,37.5,0.73
0.01170961,-0.017316437,0.110929425,0.207984976,0.238,9.5,38.0,1.36
0.027556519,0.008794867,0.073218913,0.189319404,0.374,7.5,28.0,1.48
0.027949474,0.015315465,0.171769576,0.275880913,0.36,10,31.3,0.62
0.012470054,-0.034057121,0.067809842,0.220198623,0.204,6.1,20.6,1.28
0.025686787,-0.015815514,0.119057518,0.21512018,0.334,12.2,20.7,1.35
0.019533415,-0.008861803,0.175700728,0.274779038,0.29,11.7,26.9,1.49
-0.024815572,-0.022900029,0.147059467,0.247354899,0.316,9.4,21.1,0.77
-0.021312711,0.035406726,0.174405588,0.335598252,0.26,9.4,33.8,0.67
0.027125792,0.009392799,0.060724145,0.273098048,0.266,6.2,21.6,1.18
-0.013705952,0.031213203,0.193998471,0.317864839,0.324,10.8,39.5,0.83
-0.025634768,-0.046182903,0.082326172,0.193669232,0.368,6.9,38.4,1.17
-0.000757608,-0.032897054,0.097981644,0.167053387,0.38,12.2,38.0,1.36
0.032066221,0.034851034,0.103383302,0.207540584,0.218,10.5,36.3,1.35
0.01720806,-0.017887392,0.091283064,0.22608673,0.218,10.1,20.2,1.23
0.002462618,0.045936503,0.080264557,0.282352384,0.356,9.7,29.1,1.26
0.004610682,-0.057438526,0.115979897,0.309065238,0.276,9.9,36.5,0.59
0.017074259,0.007181448,0.105608032,0.189450293,0.388,10.4,32.5,0.99
-0.022455143,0.000942239,0.110018962,0.182834249,0.292,9.4,25.4,0.78
-0.026115209,-0.056513157,0.073546534,0.184805692,0.334,8.7,35.2,1.21
-0.020567075,0.049101132,0.08386182,0.234624781,0.274,8.8,39.7,0.85
0.077522877,0.005976953,0.05806822,0.254558145,0.308,12.2,39.3,1.40
-0.033248889,-0.039912223,0.095253205,0.276622314,0.248,7.9,37.5,1.47
-0.051859932,0.030586971,0.105971573,0.311279674,0.208,11,37.3,0.57
-0.014935712,0.014510336,0.121903433,0.199393183,0.218,13.4,32.8,1.13
0.023381375,0.002113901,0.119453287,0.212531293,0.368,10.1,22.8,1.05
0.00887309,-0.053297779,0.089155259,0.21467179,0.266,10.2,28.5,0.93
-0.074559406,-0.051814256,0.116065357,0.28817133,0.244,11.2,35.6,0.99
0.087702185,0.026184852,0.064536688,0.267449083,0.264,9.1,32.3,1.33
-0.011512912,-0.041503625,0.073476042,0.168174339,0.326,8.5,25.0,0.88
0.08387859,-0.097453035,0.076768451,0.319649162,0.302,7.1,22.2,1.40
0.060357819,-0.093261985,0.101518553,0.315356189,0.236,8.7,20.8,1.12
0.018872308,0.007260446,0.102719064,0.180744478,0.314,8.1,36.4,0.72
0.047470333,-0.024383308,0.076402237,0.233435369,0.308,9.1,34.4,1.06
0.053058355,0.016093977,0.059931511,0.271115618,0.33,7.7,25.6,0.67
-0.048248999,0.017253801,0.071702241,0.27272432,0.342,10.3,25.1,1.34
0.04039337,-0.004629254,0.105298562,0.216991326,0.326,10.1,37.5,0.71
0.021465906,0.02483775,0.110562853,0.191214215,0.378,7.6,23.9,1.24
0.007214134,-0.027456923,0.078543552,0.199238747,0.238,8.8,25.8,1.46
-0.003378418,0.078697143,0.065934976,0.324082466,0.326,9.2,37.8,0.78
-0.022321024,-0.017289264,0.086254251,0.193870064,0.23,7.2,36.1,0.59
-0.040476298,-0.004108779,0.100546062,0.242356461,0.274,10,38.2,1.49
0.000125029,-0.031478011,0.100329257,0.189819515,0.258,8.7,24.7,0.67
0.027922162,-0.065443292,0.07632063,0.301873591,0.346,11.6,22.2,1.30
-0.002470225,0.068403273,0.166801475,0.314163311,0.294,11.8,33.9,0.70
0.015975238,-0.022300144,0.114883322,0.248139943,0.328,11.1,29.9,1.28
0.025444375,0.041957349,0.128455613,0.318776815,0.228,12.1,38.0,1.07
0.040721424,-0.026230653,0.129168078,0.266758648,0.264,8,22.2,0.87
0.019348682,0.032530415,0.098859992,0.207857175,0.31,11.3,24.1,0.65
-0.029792609,-0.001935374,0.105674198,0.303510092,0.278,8.1,27.9,0.65
-0.021902156,0.022872044,0.074740987,0.256113095,0.328,14.1,36.4,1.45
-0.009761839,0.030992784,0.140181267,0.276753846,0.27,10.6,25.9,0.98
-0.015092952,-0.014422805,0.100493317,0.171638339,0.27,12.8,32.3,0.74
0.007450733,-0.028210775,0.125799056,0.255915834,0.364,10.4,28.6,1.19
-0.03592789,-0.000818662,0.063992243,0.193987838,0.368,8.1,29.3,0.71
-0.002032032,-0.039321928,0.073497706,0.285584835,0.326,14.1,25.0,1.38
-0.027385086,-0.006591581,0.172323389,0.321403889,0.242,11.7,33.4,1.17
-0.010677294,-0.022825246,0.132275185,0.234582181,0.338,13.7,34.8,1.00
-0.053724669,-0.047426791,0.101913199,0.334796874,0.276,12.3,22.7,0.61
-0.028142359,-0.063640404,0.097395114,0.282798933,0.26,12.5,33.9,1.13
-0.021312597,-0.055036086,0.079509192,0.204830359,0.354,11,37.1,0.75
-0.003084541,-0.027667089,0.063477437,0.17091115,0.398,10.8,25.3,1.21
-0.131119142,0.064316999,0.076589392,0.313383173,0.256,9.5,32.5,1.48
0.001965273,-0.02999999,0.105184757,0.195456083,0.276,9.7,20.5,0.55
-0.094822273,-0.025469207,0.057592508,0.307057102,0.388,10.5,22.3,0.69
0.004638831,-0.028364134,0.123124646,0.22325539,0.258,7.8,36.6,1.24
-0.038139387,-0.011885695,0.093082607,0.210972257,0.34,11.5,29.8,1.32
-0.030530635,-0.003440401,0.07654231,0.172965865,0.282,9.6,22.4,1.18
0.076018587,0.049389592,0.082613463,0.224905301,0.25,10.6,33.1,1.17
-0.035270252,0.000883546,0.104717944,0.267636668,0.222,9.7,22.8,1.18
-0.033788801,0.010578325,0.055492599,0.172400227,0.272,7.6,37.3,0.59
-0.014780406,0.013971314,0.107359103,0.311293986,0.338,9.3,38.3,1.22
-0.009532775,-0.04135982,0.066735785,0.248718059,0.24,7.2,34.0,0.64
0.001679295,0.02425163,0.177269962,0.30612828,0.264,10.8,31.5,0.61
0.018877647,-0.017525055,0.100456957,0.225943537,0.258,7.7,36.7,0.78
-0.055691605,0.001122578,0.127680522,0.250752301,0.306,12.9,29.6,1.17
-0.007744171,-0.030201632,0.119001162,0.276191904,0.316,11.6,36.3,1.12
0.019268622,-0.014607238,0.098133177,0.166909817,0.27,13.3,29.9,0.91
-0.01516919,0.092307484,0.058047076,0.200541868,0.278,10.7,24.0,0.70
-0.017758006,-0.023667024,0.070103304,0.18367218,0.29,8.5,33.4,0.58
-0.11340492,0.024515305,0.086010037,0.314624811,0.352,10.2,33.2,1.27
-0.003615643,-0.033312423,0.120763952,0.2414081,0.38,10.2,28.4,0.94
0.005956716,-0.034411896,0.179998135,0.309080643,0.39,12.4,32.2,1.15
0.006933758,-0.037120058,0.068543163,0.298574509,0.282,11.5,25.2,0.85
-0.040441697,0.0103554,0.056475797,0.176487817,0.316,7.5,23.3,1.24
0.024993986,-0.026475049,0.127985532,0.231554092,0.246,8.6,37.5,1.19
0.001375254,0.043629489,0.120589518,0.323414662,0.274,9,21.5,1.07
0.036245057,-0.049647068,0.076816706,0.282530579,0.36,9.8,36.6,0.77
0.034291782,-0.038952515,0.074052797,0.211842164,0.282,6.6,35.6,1.05
0.036807916,0.023883343,0.091405293,0.215815458,0.238,8.6,27.9,0.89
-0.079293164,0.01501449,0.071144291,0.233026982,0.348,9.7,24.7,1.00
-0.003335355,0.022196727,0.093566068,0.187340762,0.24,8,26.8,1.28
-0.058406557,0.010861292,0.178525573,0.327652237,0.272,10.7,28.5,1.00
0.001289388,-0.020689629,0.163119658,0.325814359,0.228,12.3,31.6,0.87
0.015407184,0.042621509,0.087435404,0.19514493,0.302,9.5,24.8,0.81
0.00712354,-0.045145417,0.088523962,0.240073362,0.346,9.1,34.8,0.63
0.059557652,0.029447421,0.135979016,0.293604044,0.318,9.8,25.8,0.63
0.050009212,0.001121584,0.16710374,0.309417267,0.324,6.1,35.0,1.29
-0.038820956,-0.00326339,0.06264621,0.232773584,0.316,6.2,25.9,1.31
0.072803796,-0.028344914,0.088839919,0.268123985,0.366,9.5,25.5,0.66
0.051688827,-0.024181972,0.070168669,0.296483799,0.228,15,30.3,1.04
0.002970234,0.02880452,0.088519725,0.183503298,0.25,10.2,31.2,1.43
0.046149608,0.037216962,0.131508969,0.324139163,0.316,7.4,30.5,1.14
0.041902445,-0.046438717,0.1003849,0.280945844,0.378,8.2,33.4,0.69
-0.057832781,0.039242421,0.067058611,0.298405528,0.338,9,25.0,1.17
0.061975141,-0.04907655,0.121254809,0.29653679,0.344,7.8,22.3,0.65
0.006630006,0.034160637,0.089701327,0.224988464,0.334,9.4,36.9,0.88
0.03020889,-0.019944318,0.083819947,0.256280176,0.34,10.1,31.4,1.25
0.003686844,-0.01989008,0.141147623,0.235611632,0.256,8.4,34.4,1.19
-0.020102309,0.010315999,0.107511014,0.190502066,0.278,9.3,29.5,1.03
0.003205509,-0.03246673,0.114671386,0.303099654,0.34,8.7,34.5,1.38
0.021227837,0.02458846,0.084371935,0.191233688,0.32,10.2,29.9,1.47
-0.047676992,-0.083387369,0.094845437,0.307992084,0.352,6.8,26.1,0.59
-0.033697558,0.016056858,0.070373795,0.210425472,0.258,12.1,29.8,1.27
0.018942716,0.014183517,0.088532831,0.196638622,0.36,10.5,32.1,0.84
-0.020632355,-0.095883016,0.059911555,0.260872705,0.292,12,30.9,1.46
0.05468844,-0.029534692,0.097769256,0.307778724,0.256,10.6,23.4,0.78
-0.004792952,0.021429632,0.107914192,0.177368067,0.276,12.4,35.7,1.28
-0.001023366,0.030041058,0.133115474,0.254218668,0.286,9.8,30.8,0.71
0.030794805,0.008340754,0.178647704,0.322983342,0.368,6.2,38.5,0.67
-0.024846525,-0.001927336,0.142889336,0.220501214,0.362,12.6,39.0,0.69
-0.014574088,-0.022212043,0.094374476,0.208657847,0.214,10,35.3,0.65
-0.025298326,-0.010914006,0.154594606,0.321235957,0.232,7.6,35.0,1.36
-0.080951808,-0.039084185,0.093374465,0.269604176,0.348,11.6,34.2,0.74
0.099704231,0.023850288,0.084391837,0.280689165,0.374,9.4,24.0,0.58
0.017350772,0.006617181,0.112603169,0.183622611,0.218,10.3,23.2,0.99
-0.067478197,0.019396877,0.083241094,0.253904441,0.302,8.8,30.3,1.13
-0.027776834,-0.03357424,0.082395689,0.221164392,0.29,6.7,39.8,0.54
-0.021482671,-0.017656234,0.125484277,0.2079583,0.316,13.2,36.4,1.38
0.018641203,0.009383628,0.179712093,0.305982082,0.386,12,30.7,0.66
-0.036188475,0.021783156,0.102991304,0.284472046,0.234,10.1,33.2,1.48
-0.053955722,-0.048287938,0.058659198,0.260224074,0.272,10.8,22.1,1.48
0.023489205,-0.040462148,0.077485197,0.260581449,0.29,9.1,27.2,1.42
0.064135928,-0.039973185,0.080885891,0.217314398,0.344,11.5,29.3,0.71
0.002113083,-0.029279275,0.093594115,0.188958496,0.268,10.2,34.0,1.06
-0.010056126,0.028745941,0.1045641,0.217693128,0.324,7,33.5,1.17
-0.05271902,0.017329084,0.083615593,0.32465381,0.316,8.4,38.1,1.04
0.025947501,-0.001579404,0.152672905,0.238551074,0.34,9.6,36.1,1.17
-0.004174406,-0.026811795,0.162579036,0.26991568,0.302,11.9,28.4,0.58
0.025281882,0.013381271,0.067765685,0.291384882,0.216,10,27.9,1.15
0.094147799,-0.05225708,0.101021008,0.304770763,0.31,9.8,31.5,0.85
-0.017751418,-0.027159443,0.109387447,0.233158841,0.318,8,33.8,0.81
0.056549481,-0.018812151,0.086535026,0.268464894,0.29,10,34.6,0.56
0.03956484,-0.05445091,0.115891345,0.276464697,0.264,11.3,38.4,1.00
-0.037558825,-0.001655459,0.09117959,0.245642213,0.372,6.8,21.4,1.16
0.06348227,-0.047660612,0.084866516,0.256819113,0.376,11.2,23.7,0.97
-0.040204218,0.019905204,0.060158864,0.203759193,0.266,12.4,26.9,0.70
0.025404561,0.000144287,0.083069562,0.170211994,0.214,10.4,38.7,1.04
0.091761683,0.006359287,0.134757195,0.313894879,0.322,13.6,33.6,1.31
0.004957703,-0.033949378,0.124199641,0.28140435,0.306,12.4,21.2,0.78
0.00522939,-0.05820544,0.053270445,0.169581222,0.262,11.5,23.4,0.88
0.020465352,-0.019031931,0.083861307,0.172011875,0.262,7.4,22.1,0.58
-0.059468159,-0.039353206,0.064050643,0.192504967,0.272,8.7,33.2,0.71
0.019276909,-0.009109228,0.085172072,0.192461594,0.308,10.5,36.4,1.37
-0.025484917,-0.010967437,0.101929535,0.20144345,0.252,10.6,25.5,1.28
-0.031813824,0.013221665,0.154536641,0.282623018,0.294,12.2,23.3,1.00
-0.000341841,0.021332146,0.072313197,0.186050434,0.242,7.1,30.6,0.81
-0.032622287,0.063180436,0.060978488,0.262782697,0.37,9.9,29.7,0.72
0.011295986,0.019930243,0.103607366,0.209382702,0.318,11,24.1,0.81
0.000627995,-0.045166495,0.081835616,0.221701948,0.278,8.5,39.3,1.34
0.038295354,0.053395766,0.059234267,0.251107109,0.336,5.9,25.4,1.04
0.029149005,-0.007397045,0.110465053,0.263443344,0.322,10.8,22.8,0.99
0.021555391,0.019556701,0.10292711,0.229373426,0.242,11.6,25.4,1.19
0.060271701,-0.007074155,0.059563104,0.195944976,0.294,8.1,39.1,1.44
0.012924061,-0.015740816,0.155869253,0.313699647,0.29,9,33.5,1.19
-0.01646238,0.020511481,0.180360326,0.283523391,0.318,12.2,26.0,0.80
-0.022922202,-0.012025484,0.067917236,0.30275254,0.294,11,28.2,1.02
0.000884569,-0.032658481,0.084111059,0.295027807,0.356,10.4,25.0,1.45
-0.054376474,0.03048635,0.076819949,0.287827845,0.356,10.1,21.4,1.01
0.030714676,0.016107813,0.090565444,0.196234814,0.29,8.1,32.4,0.89
0.085159152,0.056395666,0.062334106,0.288848275,0.324,13.7,21.5,1.20
-0.039737777,-0.012228685,0.101649481,0.225398643,0.218,10.8,35.3,1.41
0.090872452,-0.101530797,0.074084372,0.313485697,0.284,9.5,32.5,0.77
0.031333284,0.078210556,0.087074568,0.329551424,0.264,10.3,26.4,1.31
0.030109269,0.022416264,0.146382857,0.315216582,0.35,5.5,37.5,0.82
0.039049354,-0.025597628,0.138205272,0.322538252,0.222,7.8,24.1,0.85
0.032364596,-0.017613951,0.108273103,0.220228456,0.358,8.1,28.0,0.52
0.009180116,0.019762052,0.113110817,0.17486109,0.286,5.1,20.1,1.23
-0.023993005,0.051247963,0.121618356,0.262467937,0.362,9.6,38.1,1.01
-0.000724727,0.034866215,0.128502996,0.254531012,0.228,10.6,21.0,0.67
-0.020613147,-0.009631179,0.172510423,0.319136239,0.28,12.6,22.3,1.19
0.007113967,0.02072272,0.13445035,0.244223578,0.39,11.9,31.3,0.60
-0.041482825,0.050011834,0.122086663,0.257553114,0.206,8,39.9,1.46
-0.105855703,0.030040005,0.083217736,0.30775956,0.308,11,38.2,1.49
-0.033533415,0.031257266,0.105017006,0.306037855,0.306,6.3,30.9,1.17
-0.031652717,-0.008150145,0.095142889,0.215031113,0.324,9.5,28.0,1.27
0.004023052,0.063335156,0.079295678,0.250981449,0.374,11.7,26.5,0.76
-0.007536631,0.085266965,0.119574232,0.330447379,0.244,8.3,35.5,1.47
-0.072135638,-0.027214787,0.060868101,0.252206859,0.262,9.7,30.6,0.82
0.039000427,-0.004305267,0.092371659,0.198092128,0.26,9.8,39.0,0.77
-0.029661767,0.023614979,0.078346994,0.178843874,0.264,10.8,34.6,1.15
-0.055818816,-0.008945348,0.086202214,0.311012931,0.298,8.8,35.3,1.15
0.016709746,-0.027705405,0.124751017,0.282879989,0.344,10,37.7,1.24
-0.036551941,0.021651977,0.093968595,0.277546013,0.254,11,35.9,0.93
-0.048059816,0.033952913,0.118363156,0.337067653,0.306,10.1,35.7,1.23
0.065952767,0.014611792,0.056068393,0.186495411,0.334,10.3,23.6,0.73
0.033458696,0.008196538,0.148573419,0.246288989,0.238,9.4,24.6,1.26
-0.027464304,0.08027741,0.127257693,0.313869443,0.314,8.2,24.5,1.38
-0.051334154,0.092522478,0.066310204,0.235925604,0.336,12.4,38.7,1.41
0.096257278,0.02250771,0.085604213,0.285220442,0.336,14.5,28.0,0.82
0.017767887,-0.036591704,0.156871837,0.29043955,0.282,9.6,24.6,1.34
0.014754613,-0.016152003,0.076956263,0.201190787,0.322,7.8,27.7,0.94
-0.024656182,-0.014499496,0.113845584,0.217757366,0.31,10.2,38.5,1.45
-0.019217799,0.008874777,0.082430709,0.170548009,0.398,10.2,28.7,0.85
0.014560081,0.059773527,0.102550873,0.31394598,0.26,11.6,23.7,0.55
0.013797549,0.09877942,0.107205304,0.292810007,0.286,8.7,23.3,1.24
0.020610671,-0.000101911,0.17655042,0.310502206,0.308,8.9,32.3,0.69
0.010748366,0.06495782,0.136929912,0.32456493,0.372,8.8,28.4,1.14
-0.026499924,0.018528429,0.077975838,0.285950748,0.252,11.9,24.7,0.62
0.055039735,-0.070993079,0.088816643,0.28045471,0.278,12.3,39.2,1.13
-0.016895213,0.012717828,0.13483421,0.22631297,0.202,13,23.9,1.26
0.001122339,-0.018775095,0.116363386,0.198966277,0.298,11.2,38.5,1.25
0.024933395,0.009541786,0.062208408,0.234184988,0.33,9,25.6,0.57
-0.032011753,0.050541831,0.075278852,0.209653127,0.28,8.9,20.2,0.64
-0.0048051,0.020196072,0.123414876,0.226938301,0.242,12.4,31.7,0.89
-0.055322645,-0.02718978,0.086780386,0.243302877,0.352,8,21.1,0.57
-0.016035268,0.018262178,0.143423432,0.257272835,0.326,12.8,29.5,1.05
0.033672377,0.003244775,0.074400998,0.179539207,0.316,11.8,34.9,0.69
0.047575819,0.086811818,0.106137327,0.275969687,0.258,7.9,32.0,0.59
-0.018287581,-0.012775716,0.148351876,0.25705215,0.38,12.8,31.1,0.78
0.052353126,-0.026494135,0.07245126,0.206860649,0.226,9.3,26.0,1.09
0.028624632,-0.005371683,0.085525195,0.189731765,0.346,10.4,25.8,0.57
0.006246851,-0.029123864,0.097587418,0.196552635,0.304,6.2,36.6,1.09
0.004783419,0.038161878,0.147255824,0.264949919,0.308,11.9,34.2,0.79
-0.030133724,-0.057817189,0.121867493,0.285153909,0.282,11.9,33.2,0.89
0.01367628,0.0221064,0.140556917,0.2399224,0.3,7.6,26.5,0.64
0.01090446,0.041804099,0.168161035,0.308919275,0.29,8.4,27.1,1.38
-0.007725444,-0.029852619,0.095810528,0.191014046,0.334,11.9,30.9,0.51
-0.00598865,-0.04198936,0.083628682,0.267683306,0.344,10.2,39.7,0.89
-0.021130604,-0.002351721,0.130058924,0.256087152,0.382,10,33.6,0.97
-0.076553709,0.084073473,0.116080254,0.310612853,0.246,8.9,37.8,0.58
-0.027655145,0.018165083,0.097405736,0.210777324,0.294,9,25.0,0.59
-0.095122393,-0.047220695,0.094652669,0.323761439,0.324,11,21.4,1.07
-0.005931962,-0.023395475,0.089715536,0.171237753,0.234,10.1,29.7,0.80
-0.085943483,0.083609998,0.074264826,0.253836017,0.27,9.3,29.0,1.37
-0.02988542,-0.044382622,0.066348887,0.167802002,0.258,10.5,20.2,0.99
-0.038020954,-0.036581493,0.065742886,0.167042772,0.298,10.2,21.0,1.33
0.05888851,0.072558695,0.109553621,0.313711549,0.248,8.8,37.4,0.60
-0.082920398,-0.026156782,0.092819627,0.293683045,0.376,9.8,25.5,0.97
-0.061684517,-0.064134383,0.060782389,0.325256967,0.33,11,22.2,1.04
-0.044769361,-0.02660307,0.126375331,0.242077303,0.306,10.7,28.7,1.30
0.011544633,0.025924919,0.165093145,0.248432873,0.252,7,24.7,1.49
-0.006190587,-0.023603912,0.134369573,0.309209109,0.298,6.3,25.7,1.32
0.014325351,0.021345589,0.061566155,0.259852538,0.318,6.4,23.2,1.30
-0.026400564,0.007576421,0.181000234,0.290016332,0.362,11.3,30.2,0.91
-0.021802012,0.060282033,0.120641274,0.287778085,0.282,10.4,33.5,1.20
-0.001335853,-0.072529714,0.134858058,0.315162102,0.228,12.9,32.3,1.41
0.122559564,0.004621357,0.079811741,0.321586626,0.212,7.4,27.0,1.06
0.00749691,0.022629779,0.106252211,0.224801996,0.222,10.4,20.9,0.97
-0.019714907,0.026103209,0.07326221,0.168586231,0.268,10.4,21.4,1.10
-0.036258908,0.026997204,0.120234295,0.241944576,0.29,8.4,37.0,0.86
-0.102236297,-0.0119552,0.100771782,0.311066741,0.324,12.3,40.0,1.33
0.006456133,0.018626514,0.097710259,0.179013508,0.246,11.5,37.2,1.44
0.00959382,0.02152125,0.123602564,0.293094365,0.216,10.4,36.9,0.82
-0.117129488,0.005908332,0.054519726,0.251600579,0.376,7.6,28.8,1.38
0.021749602,-0.118714309,0.057912508,0.305559699,0.332,9,34.5,1.50
-0.043077787,-0.00913476,0.116145828,0.246256312,0.304,12.3,23.5,1.39
-0.074682126,-0.011602486,0.06197827,0.241738014,0.28,11.8,20.2,1.14
-0.050357271,0.031179685,0.065929308,0.220680458,0.328,9.7,24.7,0.67
0.038567566,0.074007712,0.088831958,0.247358653,0.212,11.2,35.8,0.87
0.020485844,0.05915886,0.083725308,0.272706747,0.252,10.3,39.2,0.85
0.004860777,-0.029314288,0.094809006,0.208290243,0.328,9.8,33.2,0.82
-0.020660062,-0.00781772,0.07989082,0.192567698,0.344,8.3,23.2,0.80
0.00276968,0.042219302,0.083303357,0.324189002,0.356,9.2,25.9,1.37
0.01114706,-0.030227693,0.09764071,0.171540594,0.262,10.8,21.4,1.17
-0.054192124,0.011194579,0.065194269,0.230695806,0.334,10.8,27.6,0.61
-0.039614469,-0.0115051,0.117397028,0.229992852,0.282,11.3,28.6,0.83
-0.019576137,-0.047108411,0.121823143,0.262670091,0.37,7.3,26.9,0.61
-0.101503472,0.08671445,0.066005044,0.284618851,0.292,9.9,23.4,1.36
-0.001176095,0.042848984,0.093015535,0.232120178,0.356,10.3,20.4,0.67
-0.007814296,-0.020566546,0.073142282,0.196326157,0.222,12.8,30.9,1.11
0.038806719,0.009210437,0.073150367,0.259863709,0.306,9.6,32.1,0.79
-0.06104236,0.009153334,0.089767536,0.206128305,0.3,8.8,31.0,0.75
0.024138781,-0.008781562,0.114817299,0.196308479,0.298,10.6,34.9,1.37
-0.088796546,-0.013457788,0.062365555,0.249123473,0.386,11.3,22.6,0.59
-0.01546281,0.044351675,0.109143364,0.212520626,0.35,10.4,31.5,0.85
-0.040037133,-0.017388403,0.089819577,0.263975434,0.228,7,20.6,0.85
0.004260112,0.033059133,0.152771538,0.252831583,0.292,11.7,34.6,0.62
0.002626335,-0.050338868,0.119422651,0.25534508,0.31,13.5,30.0,1.09
-0.066818537,0.008779099,0.065633624,0.201015836,0.394,11.1,34.9,1.33
0.004092852,0.034115615,0.12327609,0.216679611,0.342,12.3,30.3,1.43
0.02164341,0.014128757,0.127098814,0.230186103,0.372,9.8,23.4,1.22
-0.018614697,0.040146196,0.102992701,0.212279643,0.328,11,35.6,0.95
-0.002325946,0.099255213,0.082953993,0.279626879,0.266,11.6,30.1,1.16
-0.028733839,-0.008039586,0.11790665,0.270994813,0.398,10.9,20.9,1.48
-0.038887597,0.023605965,0.117217985,0.280948331,0.304,11.2,36.8,1.05
0.06319857,-0.002502031,0.138380558,0.289446356,0.334,11.2,26.9,0.83
0.019206996,0.013527187,0.152360056,0.254149219,0.386,10.8,31.1,1.44
0.007535496,0.079394827,0.054303958,0.213690142,0.31,8.8,28.9,1.19
-0.041668923,-0.04850846,0.061537881,0.191260394,0.33,12.3,39.7,1.20
-0.009277354,-0.040318595,0.080100635,0.218179796,0.306,11.1,30.8,0.96
-0.0013707,-0.031451265,0.08832397,0.183089086,0.376,11.8,26.5,0.85
-0.035085502,-0.002889762,0.114774425,0.238391747,0.224,14.1,36.1,0.73
-0.115537576,-0.015140444,0.07815888,0.284581299,0.324,11.7,24.5,0.62
-0.052851426,0.017267342,0.079063284,0.232215697,0.258,10.2,21.6,0.69
-0.039569928,0.01178137,0.05518116,0.186076398,0.312,10.7,20.8,1.26
0.027581563,-0.0267306,0.127108032,0.244771384,0.302,8.7,33.2,0.52
-0.002677498,0.033925603,0.118109352,0.214930611,0.306,13.5,32.4,1.29
0.014408671,-0.064775948,0.09473576,0.245957775,0.366,8.1,29.2,0.51
-0.01480637,0.02306462,0.125197509,0.227134053,0.336,13.5,34.7,0.65
0.020354706,0.007210321,0.089816743,0.242062828,0.312,10.8,34.7,0.97
0.019821183,0.003525405,0.092570209,0.17492125,0.266,8.9,28.6,1.15
-0.057789071,-0.030542176,0.094989757,0.268750093,0.23,8.1,38.3,1.21
-0.040210196,-0.005706315,0.094815578,0.27506174,0.314,13.5,27.3,0.70
-0.01053568,0.047348469,0.145439542,0.284409513,0.274,9.9,23.3,0.55
0.004050477,0.033557088,0.159545599,0.305160972,0.208,12.5,21.2,0.50
0.089000854,0.041554288,0.088518193,0.279300552,0.352,7.3,30.9,0.68
-0.047484528,-0.060445313,0.132270438,0.275151243,0.22,10,39.9,0.54
-0.078080092,-0.027429758,0.117075002,0.300775003,0.27,12.6,31.3,1.00
0.001443611,-0.020015205,0.133494361,0.23460061,0.348,6.3,26.9,0.60
-0.004052292,0.037587088,0.086461226,0.228635139,0.302,10.3,34.3,1.09
-0.030194553,0.032312268,0.082985284,0.184359912,0.352,8.9,29.2,1.32
0.045553962,0.057320726,0.074473475,0.28212384,0.336,11.4,20.4,1.38
-0.02573868,0.034168838,0.08355319,0.205271413,0.238,9.2,35.0,1.06
0.009277208,-0.018288123,0.111139583,0.208266752,0.344,7.4,34.1,1.26
0.075587223,-0.081785878,0.121413697,0.307303785,0.312,9,33.3,1.01
-0.062716776,0.056984938,0.110320287,0.275557767,0.386,11.1,32.5,0.95
0.035369601,0.089606243,0.117492777,0.278129652,0.302,12.1,24.5,1.05
-0.021150503,0.000589386,0.09778851,0.177019893,0.24,11.2,25.3,1.46
0.026836756,0.024903087,0.096569089,0.22833368,0.244,12.2,37.6,1.49
-0.087856552,0.068790445,0.079764193,0.258886637,0.272,10.5,39.4,0.77
-0.029022424,0.02854673,0.113365101,0.222889724,0.276,9.7,25.3,1.29
0.032896023,-0.015012231,0.128940392,0.298881552,0.318,12.6,32.2,0.86
0.028420499,0.004679281,0.082117774,0.16308294,0.306,7,27.6,1.36
0.01593912,-0.017520431,0.060811262,0.197667475,0.234,9.9,27.1,0.52
0.031778841,0.043836652,0.149668397,0.279701582,0.358,10.6,36.0,0.70
0.032483451,-0.054293732,0.079376627,0.21113719,0.252,8.9,35.1,1.30
-0.018106971,-0.039349706,0.171240825,0.320930828,0.262,9.9,27.5,1.13
-0.023052628,-0.01157066,0.067335874,0.230149165,0.288,12.2,26.0,0.97
-0.009183288,-0.034681604,0.098146388,0.184260559,0.28,13.1,36.7,1.10
0.040086893,0.045020313,0.128906072,0.28171138,0.358,10.7,39.3,1.14
-0.021798971,0.008611542,0.112694346,0.206707266,0.356,13.7,30.5,0.82
-0.028678809,-0.002916624,0.134630114,0.247253843,0.268,9,21.3,0.89
-0.021631596,0.002615076,0.114339682,0.226012024,0.366,7.8,31.8,1.18
0.010926238,-0.139215187,0.064074692,0.269481907,0.34,12,26.2,1.31
-0.044986517,0.026958229,0.092957579,0.311226752,0.274,9.4,26.4,0.95
-0.001222325,-0.078301095,0.110435634,0.334019335,0.242,10.8,37.6,0.79
-0.024493048,0.023161686,0.119756443,0.291638706,0.244,9.1,26.5,0.87
-0.003474295,0.043956891,0.07348871,0.280101254,0.248,10.9,20.0,0.85
-0.055038762,0.001346143,0.074813558,0.224902333,0.284,7.4,37.9,0.55
-0.019659901,-0.028412937,0.08618068,0.211500318,0.318,7.5,28.9,1.10
-0.065911085,-0.032729452,0.110110619,0.272554129,0.212,8.2,36.1,0.93
-0.005895798,-0.020002903,0.1264036,0.219922106,0.358,13.6,27.2,0.53
-0.023226873,-0.049030849,0.094804994,0.289313142,0.314,8.8,21.9,0.59
-0.113691908,0.013426602,0.065965376,0.296141281,0.328,13.6,29.1,1.43
0.00733217,-0.026273861,0.192846886,0.296470448,0.254,11.8,23.8,1.16
-0.040198321,-0.005586262,0.159820143,0.303700353,0.316,6.8,36.9,1.47
0.032354271,-0.024944825,0.070366168,0.192900246,0.248,11.3,39.2,0.51
-0.037468779,-0.010755646,0.122070023,0.317641372,0.312,10.4,23.8,0.54
-0.007812843,0.021443461,0.082246089,0.222857099,0.268,8.6,20.5,1.18
-0.018369175,0.016632141,0.110916148,0.226991533,0.328,10.1,33.0,1.49
0.023673542,-0.004944031,0.15972787,0.278105283,0.242,10.1,25.9,0.60
-0.035336857,-0.009254084,0.14758766,0.320790853,0.348,10,37.7,1.24
0.043953543,-0.035198561,0.144878472,0.269491723,0.37,12.2,33.0,0.72
-0.026684115,-0.011552846,0.187327041,0.306859932,0.26,10.6,31.4,1.30
0.015616433,-0.052966839,0.156427564,0.303177384,0.322,9.5,31.9,1.01
0.000561594,0.019247366,0.106828543,0.188330362,0.34,8.9,25.4,0.88
0.026279933,-0.034913536,0.075777715,0.300491803,0.308,9.2,32.5,0.64
-0.009860432,-0.016833951,0.116981373,0.19660916,0.24,9.6,29.1,1.35
-0.022978667,0.011673896,0.125841765,0.250971732,0.226,11.6,36.0,1.50
-0.065105406,0.027844174,0.075734891,0.285347177,0.354,12.2,35.5,0.54
-0.025797259,-0.021752616,0.13994625,0.251656318,0.236,13,30.0,0.74
0.022222572,0.050713787,0.079614094,0.269671404,0.254,9.1,21.4,1.10
-0.0342598,-0.031723535,0.069955855,0.188190147,0.258,8.4,32.3,0.67
-0.009319557,0.025814442,0.073962957,0.279092273,0.28,10.4,37.3,1.28
0.043582835,0.004519266,0.136437554,0.257573611,0.264,11.7,29.1,1.00
-0.00043702,0.026672373,0.151288131,0.272821689,0.396,13.6,36.3,0.75
-0.020335806,-0.021270127,0.178812656,0.302630766,0.222,10.3,37.2,0.87
0.031556177,-0.008461078,0.093824423,0.228681329,0.344,6.6,28.6,0.61
-0.018099008,0.01111858,0.122296423,0.187454398,0.26,12.9,39.2,1.07
