0.001289581829608822,-0.026106005292757698,0.09656814743568852,0.20607244314657608,0.3,6.800000000000001
0.027705420798146016,-0.0296134178915937,0.12685363598112762,0.2682334770564076,0.382,9.700000000000001
-0.003331218273121202,0.024191269240711213,0.14211367681668446,0.22762484209113681,0.20400000000000001,7.800000000000001
-0.0635188288243449,-0.06275942253396226,0.06419192834025782,0.24748350317274656,0.33,7.9
0.03596552551735563,-0.0763928643793589,0.10885162941740303,0.2717424475973214,0.296,10.4
0.06942264973961951,-0.0034939764960775547,0.0998414095732847,0.29052365752520326,0.33,8.9
-0.028586966388003305,0.00888960621625647,0.0669281205182102,0.16743300693400534,0.272,7.6000000000000005
-0.003632186836302971,0.02713989949549863,0.11819135000938037,0.2380474967253797,0.304,12.9
0.008930287822909855,-0.02853972166249005,0.059312465397882916,0.18130237234938978,0.23600000000000002,12.5
0.02823148682225729,-0.0016051665111865687,0.11630325022987695,0.2649262309182765,0.366,5.6000000000000005
0.02483426457058654,-0.1623788369863654,0.0822850946291724,0.335584085537056,0.32,8.200000000000001
0.03908255389133178,-0.00742645099002269,0.0824353369373299,0.2693389359538983,0.398,13.9
-0.04191834545410039,0.053681003390983056,0.05836431140557122,0.18029358786802457,0.318,9.4
-0.018045905058818503,0.015558038981179054,0.060424046288775866,0.17411492424638325,0.28,7.9
-0.05363316105284837,-0.021962023147876358,0.1113417386019168,0.3174188291215075,0.258,13.8
0.006789440562044818,0.022800186638954386,0.16206999020982737,0.3229543300484095,0.244,12.9
0.051793337294537854,0.006516360041684314,0.0640205752395996,0.2129595226874958,0.29,10.4
-0.02430597214604628,0.026043379269322698,0.08075610084824797,0.1995437599969292,0.324,9.1
-0.021754775068656522,-0.009326014193533587,0.07962967896143174,0.3252854162830763,0.39,6.800000000000001
0.03262770796042881,0.009950727159795074,0.06398511701593292,0.18671291143129728,0.276,7.4
-0.08497109475923814,-0.0014681609963116292,0.07915457322943231,0.26851010780683365,0.302,9.4
0.04803010075096515,-0.0045038071282170345,0.07201600875603106,0.21537402187709592,0.378,8.700000000000001
-0.016184603226275497,0.017333067995165652,0.11903644069605517,0.2159576079685876,0.374,6.0
0.01461556629267797,0.02995233635369706,0.14645439873343846,0.2583833033041564,0.332,11.5
-0.021135356354095722,0.10680951532268673,0.055398320941400625,0.29029450932665346,0.316,10.600000000000001
0.019802329751069544,0.025329691077076895,0.180082331207607,0.31753617589366984,0.336,11.5
0.03094342065219914,-0.014966782311919297,0.08130561219376774,0.1754627610606019,0.322,11.5
-0.06990157208891108,0.021409561598828716,0.07448348714330405,0.27898377524393686,0.222,8.6
-0.09689970509892216,-0.014644967510188409,0.07919729411259338,0.24291989553421695,0.382,12.4
0.01656983258303808,0.01340229633415828,0.1245616674245887,0.20527725956188697,0.20800000000000002,12.3
-0.08732067019935076,-0.0263976956234828,0.09779309717273277,0.2748475484115839,0.304,8.4
0.039243497961244544,0.0007088895933528302,0.1387998691493193,0.29796530347503525,0.34,9.8
-0.011325776573782514,-0.027911641018733738,0.07793651871290219,0.18317364133408048,0.3,12.600000000000001
-0.03288607686830045,-0.009420466832454576,0.07837567156227655,0.3226074732569603,0.20400000000000001,7.2
-0.05003617707448423,-0.032573368991944296,0.059194423447450066,0.2578084206909613,0.254,11.5
0.018727993868013347,0.06571916390188984,0.08107479920015738,0.2132194031352779,0.318,10.600000000000001
0.034449828410528044,-0.05954775560717797,0.08189155628141663,0.29032762711437843,0.28600000000000003,8.700000000000001
0.0666001217392252,-0.050780759899808146,0.08808227943572262,0.28436825076367206,0.356,8.5
0.02699047498230233,0.015166165506249704,0.10492720226245844,0.18989560704833874,0.258,6.6000000000000005
-0.0248450209926428,0.04521750057388822,0.1107062352972734,0.23719797264283474,0.23600000000000002,9.4
0.0031280580130099533,-0.030312457172329943,0.08894221849415662,0.17856304872436357,0.358,8.9
-0.006382119235619991,-0.02668911872277057,0.0857896318870873,0.2077574619334449,0.21,10.100000000000001
-0.00892489039474693,-0.03488879734030477,0.0900864428807513,0.23044194770252274,0.342,9.0
-0.02049053412301637,0.022291942366418876,0.14984967721721315,0.3307348214650125,0.296,11.4
-0.015258136085789159,0.016278271144188155,0.10518999586374496,0.2307429990526526,0.26,10.0
0.019597706439008242,0.005316665618822592,0.12336332131115985,0.19570434176047272,0.394,11.200000000000001
-0.09465410481788875,-0.007606756087739448,0.08787758846024489,0.28735167254884836,0.29,10.4
-0.05055060602692754,-0.03282761851965582,0.13144337208542115,0.29904059966800706,0.278,10.8
-0.0166875229102291,0.042470673154957304,0.1795869749003603,0.3048710995075328,0.298,8.3
-0.0005644438752143257,0.02021235339180886,0.11093375638589656,0.18898467387687207,0.394,9.700000000000001
0.023045805934412394,0.01581158202787375,0.08511101908324113,0.2635108155599978,0.324,8.0
-0.07301644538138724,-0.021811174795198614,0.10632589950559922,0.2851397102909433,0.34600000000000003,12.700000000000001
0.0248636731729823,-0.02061136213845066,0.1441776727985543,0.2821572591211396,0.316,8.8
0.022621944543283597,-0.006518267843884418,0.09303279753071848,0.1941419858149248,0.382,8.9
-0.01997558256603177,-0.014243392472436637,0.13975359324886438,0.2626942429819626,0.326,13.700000000000001
0.00932890454558621,0.028577249472692866,0.09618137269810677,0.29126878720754584,0.244,11.200000000000001
0.02074744663831463,0.012161739668381208,0.07428130565467608,0.18162030883623534,0.39,8.4
0.023811289897329075,0.009211945863133238,0.15922202924169918,0.26001170489669495,0.298,11.0
0.048093073651423374,-0.002246457330399087,0.05920305163126175,0.19768268648863582,0.272,8.700000000000001
0.03315545167292768,0.13418027705180463,0.056146650080892535,0.31508571086332404,0.3,11.9
0.011441234212694846,0.025954790427181754,0.11401668005716777,0.23273981284192805,0.266,11.3
0.02281190282519295,0.014638842721163645,0.07871498017562344,0.17575724033897014,0.272,11.200000000000001
-0.007555464078718506,-0.02845177342623608,0.08812185396745709,0.19198615278571055,0.28600000000000003,7.2
0.001908312028048537,0.02281481566641623,0.11090792246202245,0.25690578257240515,0.318,11.700000000000001
-0.014905980777747492,0.024730906852094756,0.08590447543354937,0.28044878721335564,0.228,9.1
0.021962576664544157,0.008983018836136768,0.10196664970684342,0.23404628929978546,0.262,5.5
0.006244723950667874,-0.026224802104131917,0.11019093550795699,0.19249019509041373,0.252,7.800000000000001
0.012847796708719795,-0.026950373044394044,0.07733640414991587,0.20239823665630965,0.314,10.5
0.062009613525212476,-0.01772960171147575,0.10170256072660523,0.299916119433958,0.326,12.0
-0.05216123955632378,0.013493619277057856,0.1757701766742548,0.3244530416311787,0.28400000000000003,13.8
-0.05355116311027328,0.04725526973676296,0.14632875717571242,0.2950789965455398,0.212,11.4
0.021366498574756383,-0.0037619266464715673,0.09516282799634374,0.2559480209526966,0.332,11.4
0.0026674088583889498,0.02872874608837405,0.08848349128654294,0.24140311963463912,0.232,9.1
0.0171357320909465,0.011330853762217439,0.0990297162102305,0.17015751937044019,0.338,13.3
0.01934314637520937,0.021716188261454137,0.13461134876641354,0.3063818721318829,0.314,10.8
0.020282154701501166,0.013712865074871948,0.08869339033918332,0.18546672080044757,0.336,12.100000000000001
-0.06385466102728075,0.006241510877527874,0.0856829943808784,0.26988965500990014,0.36,8.700000000000001
-0.03558046157563513,-0.03318949270100176,0.1503092578384837,0.2664891096499711,0.384,11.100000000000001
0.04687170772211428,-0.018852634191825472,0.1399191960060098,0.30959120791039296,0.276,9.1
0.0377996063473349,0.03984406592326694,0.08581541932241275,0.21486563579162177,0.268,9.4
0.01758469192607102,0.07236103894707728,0.10425182561425689,0.27575538029414726,0.242,8.4
0.027919698186969193,0.02228265809114886,0.06622133436355178,0.28117799664899223,0.316,10.5
0.00619456459803774,0.01899219759233045,0.10628833496757625,0.18166349559825873,0.262,5.9
0.0377267730077787,0.048253012420863876,0.13055398913707464,0.26362883706130924,0.264,13.200000000000001
0.03187432465839243,-0.002757784896562424,0.10459548525887506,0.22183259532312463,0.358,9.600000000000001
0.02454541439933331,-0.051266007705070386,0.07976203740806471,0.20480583718950474,0.322,8.4
0.018978828497857023,0.015007314619404263,0.0822817744280427,0.20855119020088064,0.302,10.200000000000001
-0.019766107548040094,0.007142580621178504,0.10122788166468391,0.22502899726609396,0.254,11.700000000000001
0.002871734149800356,-0.021219873322240634,0.14581737203997944,0.2485686352591189,0.268,9.5
-0.027353349779131245,-0.0016762196465678,0.15958209019089759,0.29117495750484373,0.312,11.0
0.009459980082624449,-0.026609960554410086,0.09235395824558217,0.23608315400171095,0.392,11.100000000000001
0.006030230649879292,-0.03861459094600559,0.08207000892943611,0.19095126309700336,0.27,8.6
0.013535908499190709,0.029934544690137305,0.11980372437371453,0.2086988366895284,0.4,11.3
0.01684571999541696,-0.01439074556802345,0.06903682801182008,0.17282083888058206,0.32,14.9
0.03419684488205857,0.014670354470714294,0.09476154438391422,0.2516611307159097,0.28800000000000003,13.600000000000001
0.014182524046144436,-0.024051560683582565,0.1487722748236836,0.31550595267017983,0.29,8.700000000000001
0.00911843319071254,-0.02258148891394943,0.15201936855759854,0.2461196072980955,0.318,9.3
0.08716678237373661,-0.09346108701761306,0.06872085090275255,0.2632328294300969,0.366,10.100000000000001
-0.06018889100708485,-0.01772024031415469,0.06290038889657244,0.20772919822907146,0.326,12.200000000000001
-0.13571702259507148,-0.019077949990787543,0.06892035474337772,0.31932625123194097,0.4,13.0
0.023661773978796333,0.05471235335882003,0.08220779425304216,0.19822881600647338,0.20800000000000002,9.1
-0.04283668020186416,-0.038094417569584975,0.09271292423227936,0.2435734507338006,0.306,9.9
-0.01768708310913013,-0.03484858672005941,0.14370937207384554,0.27737770524708966,0.28200000000000003,12.100000000000001
-0.011704056215100898,0.03863501345829543,0.07184938259247863,0.21571141538682073,0.27,9.1
0.007964831712531898,0.038762228489829256,0.10245134157299675,0.2012267446678096,0.28200000000000003,11.600000000000001
0.029851904660957895,0.07102437658113084,0.10400081994218154,0.3307278311883054,0.214,10.600000000000001
-0.043500763081094504,0.015765254176950717,0.1379764356106953,0.32130982477684156,0.368,6.0
-0.017213622184505714,-0.04970372527534855,0.13319644576212303,0.32582122152108783,0.336,10.8
-0.009141124494494567,-0.0386445629715087,0.08738481683539621,0.3180830044578842,0.232,11.3
-0.02036443584197507,0.028910858810275063,0.07590785298018124,0.16777309516028838,0.28600000000000003,12.600000000000001
0.030523185815949556,0.01618162396785352,0.09754204461689281,0.23693280019996743,0.262,12.700000000000001
-0.02859745261223861,0.011784711233145695,0.12260862779310192,0.2293965644604214,0.20800000000000002,8.200000000000001
-0.010056680023057844,0.040406776491544776,0.12828871573601866,0.24316162816808712,0.218,9.3
0.006880609362183728,0.022142744971977525,0.11110933417013942,0.2232266452064662,0.298,7.800000000000001
0.08409046865434613,0.019759446830574786,0.08001865849559456,0.21797304932566175,0.292,12.3
0.032018251882093854,-0.0012929081588715647,0.05793636798867829,0.16777426050643704,0.34600000000000003,7.800000000000001
-0.010263727772147211,-0.020491689788824596,0.0958691264840782,0.18093412974833553,0.272,8.1
0.009012218504642264,0.01868981494661433,0.14086971491071296,0.2483078076598251,0.336,11.0
-0.023228200437638846,-0.048094806392656335,0.10225622234784666,0.29668164752579773,0.27,14.0
-0.06004602307101396,-0.047156339342797345,0.07684212923211599,0.2713342515379322,0.258,11.4
0.09230474571944985,0.0357432449992387,0.13584403952582616,0.3179839127280382,0.34600000000000003,10.4
0.02948495074049195,-0.026807903622849058,0.18568505496466364,0.3120889763494832,0.334,8.200000000000001
-0.054810466439682785,-0.010289345217243498,0.08772976078582634,0.24139348303698607,0.326,8.5
-0.07174702548310412,0.027927623065512722,0.11501078717028888,0.24614061127087902,0.356,10.8
-0.020152260888603894,-0.03219717164210306,0.0645764640955645,0.1792606327184833,0.35000000000000003,9.9
0.05020604279463893,0.06526465331706498,0.10421966537383756,0.2565446927879128,0.28800000000000003,8.200000000000001
-0.03984828256477972,0.02670457019008872,0.10285753026478585,0.251999583215137,0.276,13.100000000000001
0.0046116283079880175,0.10346575370972999,0.0798523291335303,0.28092076491174045,0.386,12.4
-0.02848121530169677,-0.01530680738804369,0.1682535873816328,0.27487910217589706,0.294,11.3
0.059217238193580705,0.029687152182457575,0.11796060367587188,0.3146826375735518,0.264,10.4
0.018495510553797313,-0.0217942424121024,0.1890427274153621,0.32853184816040587,0.302,6.7
-0.008154355900400149,0.017320170440956687,0.1033234536615441,0.17434541009828833,0.364,11.0
0.03390719418502448,-0.013540362479346004,0.07912310494609931,0.19194260491276183,0.314,10.5
-0.019462518090715312,-0.017182898772693928,0.060998473103589426,0.22166332242278067,0.246,9.4
-0.03096748703589943,0.008898021405337174,0.1199529484958601,0.23277552970762158,0.372,13.3
0.05378590664414476,0.06555771404717578,0.06288827463108332,0.2936200741033632,0.246,9.4
-0.02271485875527782,-0.02164505993488221,0.06896942390810626,0.17656744709051583,0.304,11.8
0.025835744113896917,0.00238866113939567,0.06905259979285894,0.3123485432403753,0.32,12.200000000000001
0.03467722162784229,0.02545884263544878,0.061305097334743174,0.25613826874816564,0.272,6.5
-0.03101820997188708,0.01859979899824837,0.18171244964129463,0.2830418684631485,0.352,8.4
-0.08829941575204438,0.010462775882391168,0.09072198079962018,0.2695002364794088,0.3,9.5
0.026310329904389817,-0.00996187121162891,0.06923768589802284,0.18994202672545343,0.34800000000000003,11.4
-0.04389458950193506,0.0382472797629575,0.09765576899736834,0.27468187501735297,0.24,11.200000000000001
-0.06104289712050056,-0.1220758580136441,0.06033158383658802,0.29680703572826683,0.35000000000000003,7.6000000000000005
-0.019908710989701116,-0.0020099514255164284,0.136977660310931,0.25160147855174464,0.34600000000000003,8.6
0.07944889378043318,0.060448247383225046,0.08362175157173479,0.29666836072655794,0.34400000000000003,8.5
-0.02064005387905405,0.03413654017252624,0.10724416523248212,0.23602001527491862,0.272,11.9
0.05481519271226927,0.035987547964328945,0.09283490146419388,0.28005420738166154,0.31,12.200000000000001
0.011553280052915844,-0.024336385842099854,0.09790291540101476,0.16295247597666138,0.3,7.300000000000001
0.03903506046395171,-0.011370332496426836,0.0831295411691074,0.17821421058148837,0.382,9.700000000000001
0.004691175735839312,-0.10950084939878173,0.0745892562799017,0.31414489234957177,0.222,10.100000000000001
-0.048153929288530774,-0.03869385181386366,0.09368367227421816,0.27117043962537707,0.296,12.5
0.0019285465695481063,0.06206759334558103,0.07119985284171808,0.24332610361115456,0.34,9.8
-0.026796117251660607,0.0860181151268603,0.10553342237822462,0.3159805875085826,0.318,11.0
0.059187999161828625,0.054815746841657735,0.09092636749632838,0.29463092691958037,0.302,8.4
0.035737950937039964,0.03939480570649928,0.0976368875621316,0.21032508728035518,0.336,7.4
-0.007737716138113018,0.02329673640436022,0.07072200818277957,0.18595998267760933,0.358,9.9
0.008955894643358778,-0.018549190184153106,0.12486321630242601,0.19304823647858596,0.264,7.6000000000000005
-0.026917890312880718,0.00020842155567318824,0.1002032389417844,0.17236367773176245,0.35000000000000003,11.3
0.01796142318256624,-0.023357137186001912,0.05700853958642742,0.26147854375964147,0.212,10.600000000000001
-0.0278565326641263,-0.00253785442825728,0.12791410011894794,0.2208817838417293,0.23800000000000002,8.3
0.08037524379713812,0.051191616144877994,0.05865679856630003,0.30503267755150115,0.25,11.3
0.02951697400123514,0.01996866168528178,0.0781657661814649,0.18383188530176695,0.32,13.4
-0.02558150035074847,0.0025515470097982767,0.11803698837983471,0.2739339600120026,0.316,8.0
0.03290337759460774,-0.029023384969520966,0.08874641432972297,0.2872554916950609,0.324,10.4
-0.03571863868286805,0.02201523241299555,0.07522612015175768,0.20898430049322778,0.364,9.3
9.082942428184283e-06,0.0834479439807426,0.08502526747704153,0.318481955388619,0.33,12.3
0.022460137989818475,0.043433449007576966,0.05766885200521145,0.24347144792658207,0.26,12.3
0.009910579196386058,-0.029368405854643852,0.08902790091556408,0.20164232436026713,0.33,8.700000000000001
0.014480667015700716,0.030177107386821177,0.12707300432120602,0.2342215584701806,0.26,9.5
-0.01159910665742072,-0.03483162305845402,0.09655137043164379,0.24504987193814318,0.25,8.700000000000001
0.06081482810394689,0.011614097978040989,0.07834323756342522,0.29572800835916674,0.32,9.1
0.061897564585339244,0.026222678903647594,0.12593261980834866,0.2653444201223697,0.33,11.0
-0.035969338057623736,-0.0315203075691519,0.18760341061479496,0.30111718858353326,0.29,7.2
0.061665676765272286,0.044310084197460214,0.08448399000663705,0.2712263344373292,0.326,10.600000000000001
-0.008583208286145531,0.025137923136956248,0.17531492320243253,0.32760280666871233,0.364,6.800000000000001
0.0189920317271886,-0.04744534086808999,0.07657628432236684,0.3099232392694379,0.21,13.700000000000001
-0.022252618209134656,0.015007929638809165,0.07406488172405669,0.28966301099385877,0.296,9.4
-0.028204347048375544,-0.011819924661835072,0.1659235738333469,0.27234558727767166,0.312,10.5
-0.0020414134613614154,0.021882945762452487,0.11621377536078635,0.19622300599330317,0.224,13.100000000000001
-0.05337066563285889,-0.0865451137309145,0.12444960500363096,0.3129275533467336,0.254,14.3
0.056662973893962236,0.03182546673388171,0.0796052774887004,0.25245141917174724,0.23800000000000002,11.0
-0.030583794342567045,0.006278628484051871,0.12653191313799309,0.2240508483731808,0.32,11.600000000000001
0.014507643091274768,0.04693245668787849,0.05965038625905596,0.2542363419567194,0.352,7.9
-0.11154347306306053,0.0009238799727012537,0.06672621485361385,0.33238646068598415,0.268,11.100000000000001
-0.038827001975990004,0.048950404128294316,0.156853667065388,0.3106347936230168,0.32,6.7
0.0570627129404206,0.03460670539363283,0.1187968407429433,0.2706810414668264,0.322,9.700000000000001
-0.04803935150242451,-0.004753630166795866,0.1322665681221395,0.25773211054732525,0.34600000000000003,11.700000000000001
0.012530680434220176,-0.09563034248006233,0.07722393652524949,0.2707709783861949,0.33,6.9
-0.053645700553060005,0.009131690217133118,0.07708980935656844,0.28240487900235917,0.324,11.4
0.025509823712649635,-0.08215415980547185,0.07559082747620222,0.2922578908338423,0.28200000000000003,10.9
-0.039988872945438306,0.0008009445150027054,0.07275628643488119,0.18985074196510124,0.314,10.8
-0.05710019769885952,0.01992319549919082,0.14806209147764127,0.3103134351056728,0.216,10.700000000000001
0.030407761770116535,-0.08480800059103034,0.07226300201850737,0.2653718628875265,0.274,10.600000000000001
0.03551802376571359,0.011352748696217298,0.15506308346000347,0.3069116345357975,0.254,14.4
-0.020918245529288792,0.0845732570221318,0.12435465559692528,0.3135010327411607,0.386,7.5
-0.019860463943489958,0.06809749052603671,0.0586001869064011,0.18666399070092335,0.314,7.9
0.015023151988433316,-0.02191619191625863,0.09476629691096737,0.19687756565088482,0.35000000000000003,10.600000000000001
0.01781074499457884,-0.0022163800370957423,0.10284639774846273,0.1853907012331107,0.21,10.5
-0.047815941474661866,0.016859214080460025,0.06844459488667055,0.30220726430771166,0.366,7.7
-0.027519046187667984,-0.007876964303217516,0.12840244814413398,0.2990851117004737,0.336,7.300000000000001
0.01519856553299044,0.016027200339484838,0.1516348080961816,0.2835039351899645,0.322,13.700000000000001
-0.05529501225248259,-0.06620165147348918,0.0685204574632345,0.2771025220739821,0.34400000000000003,10.700000000000001
0.003606035926405596,-0.023819119604012323,0.13382290093271929,0.19707015553141322,0.266,6.6000000000000005
-0.01755108762056389,0.0108157280969653,0.09899909922947833,0.18324298945166828,0.262,11.600000000000001
0.015828202719868064,0.022257776652490104,0.1002203604927261,0.16699683562551546,0.33,10.600000000000001
-0.05118083473724205,-0.03962764040868661,0.07888050997418222,0.29199828492415975,0.318,8.700000000000001
-0.0006257941819603876,0.02115201858869408,0.10716336520983995,0.20882797215108184,0.358,10.600000000000001
0.012679017308258532,0.03820651971019491,0.06894873230458663,0.17452385064484383,0.304,11.4
-0.033343736512791274,0.011455498222281913,0.15891951759528236,0.3138139629037474,0.278,12.600000000000001
-0.022620993265019727,-0.006519901640597758,0.06872475156472971,0.21298445259929016,0.26,10.700000000000001
0.009642228548198609,-0.026155685162624193,0.1040374824258819,0.27530969498493296,0.28600000000000003,9.4
-0.012912296585475408,-0.0230139561888158,0.09248766848804824,0.27851250652874937,0.338,11.200000000000001
-0.011125069476385896,0.016996792760569833,0.127438879308519,0.28284739522293434,0.332,13.0
0.048911312532780055,0.01173760020103665,0.10534723113519223,0.20856598205076,0.35000000000000003,11.3
-0.06122909239022256,0.0031693269955450003,0.12114642892105464,0.28170760882991636,0.298,8.3
0.0012425144425079885,0.018951389005882096,0.10613287952387705,0.18951775272738924,0.31,7.6000000000000005
-0.026254433524445602,0.000758031331570205,0.19469289271285506,0.31133547435297837,0.26,13.8
-0.01247102616463969,-0.017406816464930575,0.0991620933329888,0.16720744723145514,0.26,10.700000000000001
-0.0022549617863787596,-0.05795206045923409,0.146327653825495,0.3325166721654134,0.34600000000000003,9.600000000000001
-0.02489354738233423,-0.008211679185373716,0.10697226945887373,0.19989726904645927,0.298,10.3
-0.02340005374089987,0.0009555552080681667,0.10064340775967734,0.20058871227695613,0.28800000000000003,10.8
-0.03794373762410535,-0.04146774780981084,0.060409335253294574,0.22113384077594597,0.316,12.8
-0.0767093522028764,0.05056396580862028,0.12783385758290844,0.3007245506287591,0.338,9.3
-0.010330738730615859,-0.03274854606963463,0.1111519993111443,0.22041507092539556,0.342,9.1
0.015497606794403092,0.027649712246346273,0.10268004656604426,0.23759916118517888,0.27,12.0
-0.013199237662152707,0.017362823109858753,0.1359486962648009,0.24619018043201976,0.28800000000000003,9.700000000000001
0.011645270473633576,0.018399785789957553,0.131583566473739,0.22875377295138985,0.31,5.7
0.021825890955669235,-0.006207341771227594,0.113526124892547,0.19781467184173354,0.296,12.8
0.025960235432001807,-0.04339837889917585,0.12509627430242679,0.2673399574502223,0.314,10.3
0.06532694320074207,0.0349236914192898,0.07154897046327437,0.2789821497981694,0.312,10.100000000000001
0.01837389333187337,-0.010600120485496103,0.0681193303552464,0.17380125212716555,0.328,9.9
0.043541543839480265,0.033125382333035885,0.14792407376241856,0.3030097537786371,0.358,8.700000000000001
-0.06098582192073646,-0.03519871142889453,0.08197737992638218,0.23999177859231607,0.22,8.9
-0.03242188849451974,0.02918913718967455,0.0823024218726914,0.2462106956190148,0.234,11.200000000000001
0.07466888142717076,0.02135653946294474,0.1418354085990831,0.30859283257492953,0.378,12.4
-0.005923177086278308,0.05023464519561799,0.10317523233638083,0.21227616371226848,0.334,10.0
-0.014922886949172374,0.01797214921983886,0.06851204495262493,0.17504091142723296,0.28,8.9
0.02633900167130885,0.01978631214271953,0.1497368774026372,0.2543387781520714,0.33,11.4
-0.020322321198278766,-0.0006050540365487675,0.1082637783145904,0.18542801636667,0.272,6.300000000000001
0.0052594700962286115,-0.023126780291377942,0.08940770026601219,0.2243431869106934,0.256,8.6
-0.023833058959059742,-0.017625561401812033,0.09588027339179576,0.19758726514528527,0.28600000000000003,10.100000000000001
-0.012703493687928566,-0.03768018046103215,0.09095263806075123,0.22587926187963525,0.316,10.100000000000001
-0.021164883207260763,-0.04978391786951397,0.1370482496248067,0.28775752761691625,0.328,10.9
0.03621740197541023,-0.028509840338234668,0.1044406988085423,0.2434208742126113,0.32,11.5
0.03699368315695474,0.01683142161965861,0.10421872697179958,0.29282099384218935,0.266,7.1000000000000005
0.02733513020480092,0.03849363484129088,0.0684245139990305,0.17977158968199825,0.21,9.9
-0.04911186051229493,-0.04347151407621189,0.062384639734659735,0.19949478719015445,0.306,12.200000000000001
-0.04157402172817666,-0.0009408378544150268,0.07374492877881673,0.301138467216612,0.318,7.300000000000001
0.007076210671480632,0.015235353016080031,0.09954832354663672,0.17297970268616503,0.326,10.600000000000001
-0.045614421578588436,0.07996410612398318,0.10886636765065195,0.2976351447738426,0.252,12.0
0.017640445091576407,-0.022180085850988473,0.10707345830700032,0.3068550480196315,0.268,8.0
0.003588792457537087,-0.017309304385827003,0.10827647339589556,0.18015986984381718,0.392,11.5
0.04034160337641001,-0.025158881692520445,0.09685365222197065,0.2566350767865294,0.314,11.5
0.005940503659871598,-0.024111247427364896,0.07245529610286931,0.2183468347706114,0.304,11.9
0.014388026781994027,0.022125414059843584,0.09592706283825843,0.2243978656106471,0.306,10.0
0.027414863897036606,0.047054787065793136,0.11652424366796822,0.2616808099202509,0.33,9.9
0.03146327615079548,-0.020466131479073522,0.09652722470438077,0.21008260293789446,0.28,9.9
0.05093362215174076,0.03978691537563684,0.0859423094541984,0.24441046680237752,0.306,7.7
-0.0037614510004735074,0.02157389146736926,0.18302891918652922,0.3121123349312515,0.278,11.5
0.051232763968008674,0.06822278799873495,0.12414977462243713,0.3299661640192995,0.22,12.100000000000001
0.019424685956409986,-0.005888129028642878,0.11445749160547773,0.18656079736053072,0.264,10.200000000000001
-0.013661521587646278,-0.03280512536766694,0.09231502813667775,0.22412559237292531,0.304,11.100000000000001
-0.013057767023266238,-0.019177939367703126,0.06373014019758143,0.2749073525086619,0.212,8.8
-0.00922094852215592,0.02220252865238528,0.10811921572118005,0.17866173690402032,0.276,9.4
-0.03175599349250451,0.018612577529380163,0.11186330577361789,0.24143917466666728,0.232,13.600000000000001
0.01574612422649814,0.022623954074244442,0.15646291924259786,0.269233764832782,0.37,6.0
0.08524701535073664,-0.02703783615438442,0.06134298471215463,0.2509899416719416,0.28400000000000003,9.700000000000001
-0.004504466189592242,-0.03898720196008321,0.13132367846486556,0.2501148899916877,0.316,7.0
0.07101137768678582,-0.029906596171387932,0.09992737945639488,0.2864464470277997,0.368,10.5
0.015618865425517407,-0.014243230325658874,0.15116422763924336,0.28292682373527744,0.296,12.4
-0.033974479341830045,0.004495927412177352,0.08699888539162969,0.21550507949190517,0.27,10.700000000000001
-0.025663689393854973,-0.0009087171693979733,0.12621929001664078,0.23309727289555632,0.21,12.200000000000001
-0.00746324835481641,-0.03638238047207175,0.07537535836611833,0.17843327892875505,0.202,11.100000000000001
0.02454052367660375,-0.055283836576029755,0.08467694998100338,0.20757219430971255,0.304,12.700000000000001
-0.034739458087844635,-0.009972202849618098,0.07476680321166598,0.24037683449331337,0.262,7.300000000000001
-0.013914570686055155,-0.03243216138029121,0.11884356377121408,0.23245992840197946,0.276,12.4
0.019968729223498655,0.016635376304839456,0.06387538892076064,0.3202408961293885,0.356,11.9
-0.041932449275024625,0.06719927615014157,0.06706884357632219,0.21806284260574868,0.36,13.600000000000001
-0.05118367325807389,-0.026929269315675266,0.11272111100212635,0.2846565400148145,0.258,12.600000000000001
-0.011870456225210732,0.016822529540788406,0.10326168116703303,0.20439133531016598,0.3,12.4
0.018724177710300438,-0.0073176745935711295,0.08340933528303097,0.2096008978704491,0.308,12.0
0.01135325402161809,-0.025104101481900416,0.08162901662411436,0.2179976263494975,0.314,8.9
0.03944393824806785,0.001087327239316325,0.09463317335457924,0.23636868348684775,0.342,10.0
-0.011369542190880799,-0.02168845506553419,0.15020175869458594,0.23876641057534145,0.308,10.0
0.037812010817892414,0.030885431918459234,0.07321699809186712,0.21477964791542414,0.362,9.4
-0.001376588123363537,-0.04974177577163926,0.07572468515755754,0.21518220873101615,0.38,9.600000000000001
0.10498207570039676,0.015889705141249013,0.06938735690422192,0.22931084563372595,0.28,9.1
-0.019253219083984287,0.021383123883677947,0.1291033341307802,0.24964377846236513,0.372,11.600000000000001
-0.021938195035991054,0.021750381843719867,0.129280072408389,0.2840100154884321,0.28600000000000003,10.600000000000001
-0.022210659080506564,0.07564147206000718,0.06281474851930986,0.23806101613664277,0.34,11.100000000000001
-0.024564986191127715,0.02756844684772425,0.06482026585424228,0.19698768490164956,0.272,11.700000000000001
0.01956163434602346,-0.02799543918930071,0.12490591947290584,0.2300476114899236,0.36,7.2
0.01779711488284131,-0.009953728111314517,0.10779751617848828,0.19720390058158924,0.39,7.0
-0.022043255246706906,0.00017781994200368874,0.11562150285382708,0.1951173410548767,0.34,9.1
0.01057987122091448,-0.026368960170310776,0.06600009846761727,0.23710177911842048,0.20400000000000001,10.0
-0.03170709724641616,0.07504119046138691,0.10779189097471875,0.30165813977589934,0.358,8.700000000000001
0.020428554802913165,-0.005572280454541095,0.14728950912801103,0.30217745535829016,0.29,11.5
0.06377976374879195,-0.01660526281920548,0.0764875677453964,0.2679372068469578,0.226,11.4
0.01986178327933215,0.012673623849254299,0.08095306607010512,0.18382909132614408,0.264,8.8
0.0705418984649204,-0.06985939272872486,0.05742345531739678,0.2276023498733376,0.356,5.6000000000000005
-0.0009231367273194193,0.06327557360630957,0.1074318011457987,0.23917976538802896,0.28,8.1
0.06996208121555411,0.0017673884060797512,0.06840984148089353,0.2311841800331816,0.23800000000000002,8.200000000000001
0.07223214191070021,0.0002654168646662995,0.15885337240830397,0.30515400472069454,0.216,14.3
-0.004848227769731899,-0.05502454500501586,0.06712448257189926,0.24271901612466626,0.26,7.300000000000001
0.023329430894214326,0.008873953406093604,0.1416702079838848,0.27133701121047954,0.296,12.200000000000001
0.03987494742540993,0.03240760055320919,0.06075490303773649,0.20711713213635233,0.256,11.0
0.0012687488665143903,-0.029817306437340797,0.08431236571594133,0.19467144478918166,0.326,11.9
0.04689684981898742,-0.019694129213512983,0.10108343337859842,0.27345530265215895,0.334,9.600000000000001
-0.02238834179307775,0.013117133280291847,0.18301226160000403,0.319042653777899,0.214,9.600000000000001
-0.04522509401137517,-0.06796048819076025,0.08826388192621344,0.26649341565606843,0.324,10.600000000000001
-0.017103346758492514,-0.012179478875074451,0.10141193973034768,0.1827848629589512,0.27,11.700000000000001
0.055599366255993085,0.006393992942712371,0.0588407913191469,0.20249410687900343,0.372,8.9
-0.08551429421860883,0.004554462306237229,0.05569160053566038,0.22605187327371112,0.326,12.200000000000001
0.010871818004267822,-0.03264167586326501,0.13130060055707451,0.2908853090979662,0.332,6.5
-0.013089992735319632,0.02140131072290216,0.08004455156800633,0.17083367527629614,0.354,10.700000000000001
-0.10338841272476466,0.03478835292737419,0.10096773702260611,0.30958752857444627,0.28,11.8
-0.032103794872338776,0.0062871321197013235,0.06942408751026198,0.16866177213423006,0.246,8.9
-0.0647874206259218,0.017803001115431007,0.11020546632194828,0.2911699948077256,0.28600000000000003,12.700000000000001
-0.037729546022762926,0.04116415977048928,0.15527901084489437,0.3309737625317935,0.294,11.600000000000001
-0.015971201666811558,0.07012039789397899,0.1183974019903407,0.28195140298961135,0.35000000000000003,10.3
-0.031117695341224088,0.034536174431447256,0.0987261654870732,0.23700752295702524,0.246,8.3
-0.05357366882844434,-0.030442055860102707,0.10033920324717129,0.22917082504612724,0.304,9.4
-0.03992774077404837,-0.014431762796764268,0.06407918655198322,0.19066483046240768,0.326,6.4
-0.018418097582020666,-0.02158728582356867,0.11749003632509647,0.29736392619880586,0.268,14.8
0.0002328212263343051,-0.023458683566732547,0.08218261670687106,0.21481337434640096,0.252,14.0
-0.010666139549553246,0.029491233728395964,0.10341691250146884,0.21676457468429441,0.24,8.4
-0.10546458774634952,-0.051261386874488675,0.09886933111294721,0.3094524734216153,0.218,8.700000000000001
0.031771480702007776,0.0027978900562202896,0.13066784406550888,0.2526825019636963,0.242,12.0
0.01984546883974885,0.018610559110226695,0.08359129887016288,0.18054585370590892,0.258,9.600000000000001
0.02228227232121592,0.05265530295004387,0.0905405625940354,0.22649641646438373,0.304,11.8
-0.04822007708820747,-0.008918029715874538,0.14708120752723103,0.3119233851721564,0.268,12.700000000000001
0.018558357372312196,0.013422798384264098,0.061630495447352295,0.229325653120581,0.314,6.300000000000001
5.300561089303995e-05,-0.03928476876939598,0.12517608754307213,0.28324454185783854,0.296,11.600000000000001
-2.5671420225996496e-05,0.0219947881886564,0.14966788212664728,0.29186529912229364,0.32,12.700000000000001
0.01793104144012256,0.06129100442201899,0.13507408062193996,0.27612420398024895,0.338,10.700000000000001
-0.01194133351836581,0.023645707539264003,0.10884161094252977,0.19180395532791833,0.34800000000000003,12.4
0.004137601313413009,-0.022912350825469028,0.12139259733613175,0.24816174688415327,0.246,11.3
-0.09130396272773317,0.00416266693924816,0.06684773925131779,0.3149940557958293,0.322,8.6
-0.005715782228804971,0.023375561808861148,0.07811104076279969,0.17028456224345842,0.36,10.600000000000001
0.023545976014383657,0.02369685583948412,0.07584856863808855,0.26744801567265675,0.358,8.6
0.046007333977931726,-0.0054524788239071606,0.09750493730769962,0.23640244101625416,0.318,7.7
-0.12319535785089097,-0.023174693966620107,0.07905669831011995,0.31153352190141415,0.2,11.0
0.0063656720748246675,-0.03588124701130154,0.06933384153948462,0.16228477320816895,0.214,8.200000000000001
0.02534497006644915,0.07066104810860373,0.12780462880023222,0.3047771663442626,0.322,11.0
-0.04368933195630297,0.023486543668104844,0.09621024705061318,0.3168868260810329,0.384,6.9
-0.07984873894781025,0.002879742519070862,0.07943212807241813,0.2058140412538764,0.352,11.700000000000001
-0.01233710443964902,-0.030744513969143718,0.10474823214164958,0.22688161144639116,0.232,12.100000000000001
0.026537698382317673,0.00916873104563545,0.12264441626473795,0.2557120150521529,0.23800000000000002,13.5
0.013252473089566784,0.027129873790748677,0.10978150733990084,0.2286471036643291,0.28200000000000003,12.3
0.005941798806235481,-0.044869663111716675,0.11714430671494418,0.2208018362964599,0.274,7.6000000000000005
0.00018165462219916475,-0.03298458923913164,0.08904828042555984,0.20399625364981044,0.244,10.8
0.07801728910222061,0.08107597168547086,0.09649784563257799,0.28668149633570855,0.34,10.8
0.022460436621776162,0.05679241978573754,0.17965936006292973,0.3185018321605843,0.38,12.700000000000001
-0.02590769729267224,-0.02520761567553256,0.13181067564916338,0.2767733446040085,0.222,10.0
-0.025731286068450345,0.025750726169620788,0.15510030656503204,0.2809231220706265,0.326,13.200000000000001
-0.04113019713804101,0.013982697688175737,0.06287166846132487,0.2468522511430966,0.33,6.2
-0.016083920876351812,-0.012116727600138112,0.10632012060920375,0.1973704996689088,0.34400000000000003,10.3
0.0126475411037663,-0.02974499459089321,0.09940035628079638,0.1777362050360986,0.28200000000000003,10.8
-0.012819324646846937,-0.026107346095044674,0.16085091292480186,0.26700628162438544,0.264,11.200000000000001
0.035603535394095866,0.01964449706184561,0.09109381698091017,0.20168468263006645,0.29,10.600000000000001
-0.025802012142740683,0.059789389309572005,0.120953991742393,0.27772053324795143,0.28600000000000003,10.700000000000001
-0.028102801520752584,0.014813770891614016,0.14625137401544436,0.24825221571077555,0.304,10.4
0.00025884849315733024,-0.025284503652960158,0.1271632023807099,0.27019049255081107,0.28800000000000003,6.6000000000000005
0.01128286512013705,-0.030368851901486315,0.12313422100827986,0.332027027239529,0.27,10.100000000000001
-0.034784987261113134,0.09619826520767452,0.08426743040333229,0.27745231889709704,0.352,7.7
0.003690541838796521,0.02360328955440638,0.11564566136351041,0.325034428400727,0.262,12.700000000000001
-0.030574672473214767,-0.039171926217838944,0.08500141085352646,0.2039426960381345,0.388,12.700000000000001
-0.0059931652937755655,-0.023910264160819292,0.129333044851205,0.23757241378300153,0.28,9.600000000000001
-0.08590299418519184,0.032911804194646316,0.06161854017005432,0.21751075526742425,0.218,12.8
0.06062077879104813,-0.0030066142161828875,0.09527809810999321,0.32024172866027945,0.296,13.8
0.02188693353385933,-0.01606348004034933,0.11515219134128318,0.2218270061677643,0.352,11.600000000000001
0.02059939718161871,-0.0799402923671464,0.06465886500912209,0.22405630666344156,0.28200000000000003,10.4
-0.025368912593107626,-0.046520229506966757,0.07324943082987152,0.21251628025450062,0.32,11.3
-0.04480050581233453,-0.05798217137455183,0.06369790904153029,0.2910983050174168,0.336,10.8
-0.052914165784745705,0.023990059796364874,0.07015362359905573,0.20085601578194628,0.2,10.700000000000001
0.04430286301578164,0.011751501505067765,0.07978117555484615,0.19170187859309695,0.302,10.3
-0.001664011638962584,-0.02546113610078656,0.12324407341420249,0.20571955995865523,0.318,7.7
0.06672112948311058,-0.05679185777221393,0.05991010174373417,0.20951079076370405,0.28600000000000003,10.100000000000001
-0.01591151253403276,-0.03322310472478357,0.16573322531207516,0.3309716147163392,0.218,11.0
0.05102581233378533,0.0203132720363022,0.1022588637374406,0.3137778599728252,0.31,9.700000000000001
0.040389232359737244,-0.035781796253182695,0.05824999096913067,0.207688746604007,0.274,7.9
-0.03720110578766917,-0.016467169423608978,0.1787072769347854,0.3123579509726654,0.256,12.4
-0.014343591697141288,-0.0286080255624388,0.13013493998620523,0.3172742433200206,0.352,14.100000000000001
-0.0428110194929224,0.013023892938193138,0.07526136722324527,0.21668050292819976,0.3,11.8
0.013494954581494344,-0.035612673610418775,0.09294729811650321,0.23786973599126354,0.256,12.0
-0.03534585240145761,0.004872426014554425,0.073041716357686,0.2070026706567354,0.34800000000000003,13.200000000000001
-0.02239575917163275,0.012719211457061598,0.1316094876692497,0.24176524742023228,0.338,13.8
-0.043541513587546425,-0.00796066280479536,0.07604782921324305,0.24282589107264047,0.268,6.2
0.03868066173617119,-0.01161675242471142,0.13263695904400832,0.25336374174669474,0.316,10.0
0.008926926893332575,0.022247584536364655,0.16959257625893742,0.27270784820979244,0.382,8.200000000000001
-0.0691742395342686,-0.035354496988850605,0.08781694477760583,0.3067625806801921,0.318,8.0
-0.03855433782353493,-0.04634609625714067,0.06767112692502807,0.29562498554004885,0.372,8.4
0.055796338775963926,-0.05952315707503853,0.07849003670621595,0.24211259661460632,0.228,11.200000000000001
0.006961655176092499,0.02393397039546268,0.19337503714369028,0.2983568663379914,0.376,8.700000000000001
0.009548787769897092,0.050851718009718556,0.14191169638312287,0.3144123322696393,0.276,8.5
-0.03865496635138267,-0.016227308908166364,0.07054680641518947,0.2051220740658579,0.25,10.4
0.032777089341152164,0.019425094487297286,0.08532250781144819,0.21174131529459977,0.29,13.9
-0.0472125109366898,-0.007358660790084211,0.10180000646368498,0.2599213367053627,0.376,8.8
-0.020417629336267222,-0.005676531456831079,0.13714985840562718,0.2201214918105814,0.27,7.4
0.054616834221461255,0.031297290800147794,0.13674933456760568,0.2653923731110949,0.256,9.9
0.039438830209871836,0.021576263997607426,0.09898336788122139,0.262589077484842,0.294,10.9
0.028829303935744628,0.004088755986300693,0.14233533122195033,0.26253107623111166,0.386,14.0
0.05232663220651198,-0.07395756826545685,0.10164312884132774,0.28659233474077156,0.262,8.5
0.012473753961057911,-0.020656538589795655,0.16929545072132968,0.28520371643967846,0.22,9.4
-0.03480093382673516,-0.01728981398228362,0.07039310171838042,0.2752764237114552,0.352,9.600000000000001
-0.03710630246040284,0.007766444521769303,0.10307741685830787,0.2127214096935657,0.326,11.0
-0.013234276196760339,0.01732062723277523,0.12372678128023348,0.2466921891307498,0.312,8.4
-0.0237615488784369,0.0009807928670500293,0.11533805021516254,0.23562369779589395,0.294,9.1
0.11991139101336018,0.016336557791139895,0.06179402300737578,0.27749972381316673,0.304,13.200000000000001
0.019305691971534523,-0.005701097074329855,0.1404835236635637,0.273446720825407,0.35000000000000003,11.200000000000001
-0.019439484346380136,0.04664273443253792,0.07793946343519041,0.19845655350496974,0.26,8.700000000000001
-0.02419415171287837,0.0008362893339303926,0.05749376103571151,0.16350541716181846,0.23600000000000002,11.100000000000001
-0.03539780230064334,0.014975449215862736,0.1338596797009199,0.2508243969923817,0.226,9.600000000000001
-0.09346948614777843,0.0106650175978566,0.09130562984271968,0.2782922675772214,0.276,8.1
-0.037369568458683944,0.0397158161035334,0.08866236475492173,0.2465383971151208,0.354,10.600000000000001
0.02417007003839491,0.006292161320180067,0.07879361022789837,0.2852800801785011,0.3,11.5
0.010162296453558293,0.028527372088933942,0.07662276883307503,0.17358903039210066,0.324,10.9
0.06217415647197482,-0.0009463293984915612,0.141931336690204,0.283091029487729,0.274,13.100000000000001
0.03361949791763489,0.03895096351839959,0.060471346627382475,0.18665117361934655,0.266,7.6000000000000005
0.016388606255183603,0.022599566648176615,0.13209529012803056,0.23603821606644285,0.34400000000000003,6.4
-0.04030231192207629,0.003283873623887189,0.08976116163165322,0.2876804844074991,0.222,8.1
0.008601818786927614,-0.024958608238517744,0.07800546523131639,0.16770856936874953,0.304,6.1000000000000005
-0.03298398408449745,0.00010185334249924145,0.08134039639424147,0.18862368204575228,0.218,10.9
-0.009855651201253908,-0.026324141972776716,0.12120376862759882,0.20592306557676873,0.28800000000000003,6.800000000000001
0.0626800552183142,0.06026404585750896,0.07133606135938922,0.2746695845197501,0.388,8.6
0.009636722152369959,-0.02133225823447082,0.13055081532421775,0.22910303953640634,0.364,8.6
-0.026771184085370076,0.03942874951807215,0.06776287742400916,0.24978594669125917,0.23,11.3
-0.025932453564086348,-0.010186208461402627,0.08303785091368882,0.23177598132136232,0.23600000000000002,7.5
-0.06199972082935747,0.10412973091520207,0.08562639305202621,0.31368644645902294,0.34600000000000003,10.700000000000001
0.000757298155478056,-0.03253245177056905,0.1554799650077352,0.32214434350300936,0.328,9.4
0.02363120759529091,0.07411083610816128,0.06047930654322417,0.24986663224508382,0.382,8.3
0.018089212626872433,0.04296399741033369,0.11898501220827075,0.28369633308759284,0.366,13.5
0.012054794013838351,0.014414640626289683,0.09588434950093323,0.17760022761425448,0.318,10.4
-0.030873199332654457,0.03441779298081859,0.0911416795697562,0.2555540134202932,0.276,10.9
0.04259869034834004,0.04992648152590406,0.07031510946263607,0.2580302400948061,0.374,10.600000000000001
0.020336705078288303,0.024365649245371886,0.07411751988693864,0.16545776050993014,0.304,11.5
0.05252500325252437,0.12010010669018929,0.07436240295535548,0.29920812888222326,0.342,7.4
-0.022455985182038465,0.004713752463365632,0.11142572159440949,0.21426174015266003,0.33,11.700000000000001
0.04443688643321684,0.03134653141763617,0.12225842682723481,0.25498941748641313,0.316,9.1
-0.015189260467837353,0.05280587555124841,0.06155633067268519,0.22122855731935348,0.214,12.8
0.0035111362853990427,-0.019502930933573945,0.0941256326877459,0.17417123890883734,0.332,7.6000000000000005
-0.007882198676923323,0.03489818763703455,0.18045166854920816,0.29467368603553445,0.262,8.5
-0.08704056743543663,-0.09712647842431865,0.07212549804399969,0.3150630203101721,0.264,11.600000000000001
0.05137912403214038,0.024341709727003738,0.06695670172610405,0.2162897890172876,0.34,9.200000000000001
0.025128773591857265,-0.0023910094704782292,0.07853307080290728,0.25304499350357507,0.248,11.0
-0.012299388582587185,-0.016675303804145492,0.1119104058876088,0.24026222072950693,0.322,6.7
-0.007609179180118098,0.025156567283097907,0.09111750316877061,0.1808870419842606,0.214,5.1000000000000005
-0.021138721296807522,0.0011982827219433714,0.1070079399209544,0.18340965395463923,0.20600000000000002,10.700000000000001
-0.04778283003149506,0.0012084213571639944,0.05769261560801434,0.21664676797086285,0.28800000000000003,12.100000000000001
-0.010885291911072148,0.05294501294505812,0.10979587512238359,0.2660721685510813,0.296,7.2
-0.015587903002417029,0.023274114080429686,0.18321767794874239,0.32511015978628044,0.37,11.700000000000001
-0.054015771879692843,-0.04278349897649912,0.07352172655987053,0.24338817736708315,0.33,11.100000000000001
-0.07810812913032308,0.017655833262534584,0.06328047593508142,0.20158671047651538,0.302,10.8
0.02462394969586605,0.019784709831239297,0.08201231336124173,0.17736296172962623,0.314,11.200000000000001
0.0702114900845025,-0.0066946703283675595,0.09949251386904497,0.24594953785610707,0.25,11.3
0.04308564752768545,0.023755249050781704,0.11055704598304641,0.26393535061078405,0.294,10.3
-0.02262548733179583,0.027283527570641623,0.09491982629541892,0.21187928135302678,0.274,9.5
0.017636393026652535,0.01596583833239883,0.1033299627440241,0.1804791758275075,0.308,10.0
0.046123188545034645,-0.06174242801858476,0.059312966107214725,0.19750226157966425,0.25,11.100000000000001
0.04020654127349308,0.02404671309732643,0.08508316077343836,0.196534483310608,0.33,10.9
-0.026676569855016544,0.00030726180811568225,0.13885825982563563,0.23287403777544396,0.37,13.600000000000001
0.0058322471685643956,0.040083184650351086,0.07209286993011792,0.21772161432634146,0.34400000000000003,6.800000000000001
0.047362584020400764,-0.0959120755431802,0.09668303833776247,0.31523907486203606,0.3,8.6
0.004041394861626082,0.0628052883109393,0.053812790765663435,0.30955619942400797,0.278,14.200000000000001
-0.0059647938073978885,0.038559143635855074,0.10240149526570864,0.22877911509424173,0.242,9.700000000000001
-0.0031270266137388212,0.026242904781273748,0.1783853487825289,0.3282773033482185,0.326,7.2
0.05831507748941896,0.05843345336682718,0.06539421728110748,0.24600328211551764,0.384,11.5
0.02686548177224526,-0.004022385872720339,0.10160252227722588,0.17868566988632903,0.384,12.4
-0.047117038574069896,-0.036461572222657,0.06220523439079662,0.18540395124113043,0.264,6.800000000000001
-0.0028348944068799873,-0.027242166133142846,0.08934572208113173,0.1823802682644811,0.3,7.5
0.01691144145053193,0.014146122544061437,0.07880951858156247,0.25955564929897007,0.306,6.0
-0.04722224162364167,0.09138696133539817,0.07444567766902886,0.3015702439095717,0.212,12.600000000000001
0.008408455211379076,0.07470654693338306,0.12779036258135598,0.2888202900838182,0.332,9.3
0.07630352514674424,-0.051075663569982575,0.05520840910278835,0.33037430859674377,0.28600000000000003,8.9
-0.0030514539958974404,0.034250526038559805,0.0781579908659365,0.20814406131136676,0.234,10.5
0.09268243703945599,-0.007093832337339157,0.06281577421566992,0.23096216053762444,0.366,9.5
-0.0059904008407852165,-0.0767720640575049,0.0651209213428308,0.19228478103189298,0.354,11.700000000000001
0.020620031239743427,0.012528492020364155,0.10011165720992236,0.19360290228234645,0.264,8.1
-0.03434759607406328,-0.0018820420870780611,0.17108265126555575,0.32272464310253157,0.23600000000000002,8.5
-0.04996743069831682,0.04714972539036352,0.07099251168496161,0.2523795259352552,0.278,10.200000000000001
-0.032688271883375634,-0.00503406479522178,0.07323630160484575,0.20947541176051124,0.358,9.5
0.016079147591209316,0.03722429329758096,0.11037389527514371,0.2571353592853088,0.28800000000000003,15.0
0.0005804826561975033,-0.033224684306948436,0.10412673796617587,0.21444159830018403,0.342,8.6
-0.024806209199730353,-0.03396535440158447,0.13612264993242748,0.2785737405766661,0.394,11.100000000000001
0.016826421439834295,0.016537144249787777,0.10865571946669945,0.2685785496089663,0.366,11.3
-0.00429319416046335,0.022816871779521457,0.1342886813146226,0.2436296217865529,0.212,10.700000000000001
0.024653161541449767,-0.0075053150750816824,0.09188988622719199,0.1832145776168424,0.274,11.200000000000001
0.02102130025028406,0.0225261012574891,0.09943192226402257,0.22275559970197414,0.332,10.0
-0.01475531300257754,0.06266616819867257,0.12278887279937657,0.3099209998506966,0.308,9.600000000000001
-0.0036682855746407576,0.04748723772654414,0.08530172826825946,0.1976537506045274,0.4,10.3
-0.018688418809269233,-0.010643729720974441,0.13246085087539458,0.20762715759836012,0.3,7.300000000000001
0.03777098635030762,-0.0004568418956322714,0.05709007732943492,0.25104219861014243,0.298,8.4
0.04933453902671996,-0.007517016631234404,0.077752167868715,0.24583779880699883,0.268,11.0
0.07620704025863442,-0.04404352788136736,0.08828710553690094,0.24433714079209778,0.362,10.600000000000001
-0.0062608256090803775,0.020235024483828825,0.10170473514799028,0.1734715146507056,0.228,10.200000000000001
-0.0055042187352034744,0.02328059559887505,0.09241604308962907,0.19217940114236076,0.294,7.9
0.014619425180667955,0.02959581995085181,0.14803992847786251,0.27528227796672355,0.328,12.700000000000001
-0.01309243021308031,0.034509689581504674,0.08135649364657926,0.2603980240892928,0.384,9.9
0.014733844216841187,0.013186290826008754,0.11953723716914863,0.20556598309824564,0.274,9.600000000000001
0.023848241878748837,-0.0019823912872422716,0.12585327256646314,0.3133480594872023,0.308,10.0
0.02260124550310461,0.01933654505007275,0.12050667316097806,0.2444542300457903,0.312,10.100000000000001
-0.045490453355198156,0.05588934672113974,0.1188658863601229,0.3121646809276059,0.326,10.9
-0.025892580096154937,-0.023893319501377838,0.08069319987481777,0.17592269892392945,0.378,5.300000000000001
-0.06816052890714977,0.04731383493046688,0.09761404569567429,0.2963281715194582,0.276,8.700000000000001
-0.09670600723505665,-0.07059848415565256,0.06701158092124598,0.2990147632227695,0.342,7.2
0.035819084354733834,-0.03837033746955665,0.08197870128122077,0.2501771314084668,0.354,10.100000000000001
-0.0366483341320701,-0.12725443999899433,0.06334334944364357,0.3213844229622517,0.214,11.200000000000001
0.029009996424185926,-0.01610790015333758,0.06964142766211168,0.16916909159796917,0.304,6.7
0.026042001803074893,0.004446779739821368,0.11565733611499389,0.19648677425307176,0.298,9.9
-0.06809129853369256,-0.034548734373231985,0.06659247481264047,0.2041043201350285,0.28200000000000003,8.3
-0.03383772925522134,-0.005238628281406545,0.1378539011241372,0.2607883412033505,0.264,7.7
-0.0142487846919885,0.047302617698298924,0.09720387806787609,0.21000265375840263,0.244,9.200000000000001
0.05801498211633336,0.014114073427667436,0.0746144823019025,0.20800956898983947,0.3,13.5
0.10145111456171635,0.007259091570887994,0.08803798576678583,0.30735259135966264,0.226,6.0
-0.03927029442157552,-0.020160095135799912,0.10801793730089321,0.26960025855616054,0.224,7.5
-0.004127857651256952,-0.07189381817886996,0.10533655154367709,0.2887812214421698,0.374,13.4
0.03561060165007607,-0.025527871994502606,0.11861926991907405,0.30008756838867073,0.254,12.600000000000001
-0.019702579107532932,-0.006376190643039762,0.12065114921181448,0.2526143901344658,0.28200000000000003,11.9
0.019600471359741793,-0.01281554709006783,0.1392538636879201,0.24548504345208874,0.254,10.5
0.0019804986131581374,0.04735252415685365,0.07793986918493934,0.20143384154924987,0.384,10.200000000000001
0.03763774415321693,0.004998049132901706,0.1445289606911541,0.24936129790881986,0.292,7.300000000000001
-0.017798466514629577,0.01546859850522684,0.10054204984702991,0.257829577015665,0.292,9.9
-0.027320988194648736,-0.01568466521194188,0.10682781354029733,0.27795600589566305,0.382,9.9
-0.01029575202795899,0.02793253885188837,0.09904868582854151,0.21954665716201854,0.378,10.0
0.06300706450434,-0.04995887944927763,0.07335310372216007,0.3107399277996447,0.322,11.600000000000001
0.017775620684979194,0.036944746922782136,0.07086574671754124,0.16904698946034752,0.34,11.4
0.06584503950458845,-0.0009587680759944441,0.15535590446690956,0.31200904144742375,0.29,8.3
-0.016867271343040443,-0.0249417004048597,0.13647142248322117,0.2982434945553145,0.308,10.4
-0.0487157924851042,0.030420892269909336,0.08275708146521553,0.24422832830658892,0.34400000000000003,11.700000000000001
-0.04011475957667451,0.031521288133870486,0.0948499160012599,0.26285387702426394,0.28,13.200000000000001
0.010901197957340179,-0.022370155060242047,0.096243910645654,0.23758816701345079,0.368,9.5
-0.0013808400503474928,-0.03752488087415433,0.13754681369087293,0.27421247330957454,0.278,8.1
0.011467745317152965,-0.05238262206537739,0.07833036372479518,0.3183837296673242,0.312,9.1
0.054200431527935085,-0.0637004285532711,0.07598776919239643,0.2099177502693542,0.216,12.8
-0.036358986627966466,-0.015596233523264072,0.0591434568547019,0.17737212620400178,0.28400000000000003,10.4
0.05927751389126357,-0.011444897331473844,0.06534615251163983,0.18529090964725312,0.23,12.5
-0.02927727907623788,-0.022908598018080106,0.08052843061749637,0.17694973464415367,0.334,5.5
-0.026126610536089917,0.022526693682776752,0.07784205219247493,0.18722016118383314,0.244,12.700000000000001
-0.017278446506330664,-0.013968623568178979,0.11094892805550471,0.18196780527070328,0.278,7.7
0.015698394377968043,-0.014052070671556338,0.10946321463060406,0.1828789355275758,0.342,10.0
0.027638404093309928,0.017777284094625253,0.07773306740851668,0.3038504512734894,0.252,9.4
0.029050448595271873,0.0324194292983235,0.0766981580066603,0.20128668636599234,0.312,6.800000000000001
-0.009355197938203153,0.025761618302044303,0.05820582864603425,0.17922417100130117,0.298,8.5
0.012182091486546106,0.0215679149390127,0.11144381100816574,0.20606961502178134,0.28600000000000003,10.0
-0.039844616564898724,-0.025252788879963857,0.06225878806895442,0.21174635520555762,0.334,10.200000000000001
-0.03538837701753225,0.010042237519520646,0.09267101866075313,0.1823435778182676,0.34600000000000003,8.4
0.004770715819519981,0.020530454355112384,0.08540446597820572,0.1967809777485452,0.34,11.100000000000001
0.027161676205818792,0.004875923430421829,0.09080928491063671,0.18269064278758376,0.298,10.9
0.04865608930219942,0.038947252063213166,0.10099415668784212,0.25335053485489434,0.338,9.600000000000001
0.053904778602819635,0.026798804491205766,0.1575006291523486,0.32597314392189203,0.31,9.200000000000001
0.00296516141754221,-0.02090050694116313,0.09751538581911211,0.2670813880591795,0.34,11.3
0.014637829923521375,0.047497498619206206,0.11983569167232053,0.28284412777613566,0.338,8.9
0.03170497674147212,-0.021870858129001334,0.06497539042774121,0.1992174100357796,0.364,9.700000000000001
0.05305012203740211,-0.04528892332253787,0.10839440032780598,0.25194474343171136,0.302,6.7
0.02823656739365008,0.005416382133609608,0.09088473308066557,0.1772242866451076,0.28,11.100000000000001
-0.01532337584779304,0.01652491341002181,0.10818418766418383,0.19317762224274856,0.274,8.3
0.02550711607947867,-0.0008935223514168164,0.07580848866294539,0.21879508753850174,0.338,11.5
-0.0046810498689305756,0.019440340185005865,0.11375027026775346,0.17980355841261247,0.34600000000000003,9.5
-0.030134684079307538,-0.021508024814276976,0.163121896331691,0.3074680449243224,0.362,11.8
-0.025263810158620052,-0.02863261679969625,0.0934890641256417,0.2111847841835911,0.258,9.200000000000001
0.02323424339064649,-0.021745076259304743,0.08006740210432041,0.20662810195681494,0.264,7.800000000000001
-0.02544582350764862,0.06286390838518974,0.08653511956718553,0.22748142931057908,0.336,10.200000000000001
-0.01990593389113695,0.01056109268759205,0.15192695560819441,0.26095752837618996,0.28400000000000003,8.3
-0.04722847238022312,-0.04558112637373288,0.07711042569474302,0.2005710538051676,0.332,7.0
0.0314727723029089,-0.04032395286573545,0.06532848439334644,0.24729112772964817,0.34600000000000003,8.1
0.01672305434463191,-0.02117738032149123,0.14481456254611372,0.2783987600298098,0.228,12.100000000000001
-0.061279156013787084,-0.024703751720471463,0.12645173425864303,0.2874519009378713,0.23800000000000002,9.9
0.06800644807122981,-0.023897820144691606,0.080288478203754,0.28065881182544955,0.38,11.8
-0.02609493373536956,0.007203594688799601,0.09688715414611004,0.26176166930262973,0.254,11.5
-0.025104065491947252,-0.01805233001788101,0.09946133264267781,0.19538755408603434,0.334,9.4
-0.047386290705227846,-0.0008785774903383996,0.07879959566854722,0.17731107237216123,0.306,9.700000000000001
0.019863633619112753,0.006264879623469036,0.14637681318525733,0.2537200741954264,0.368,10.8
-0.0522729734104273,-0.010332208481490926,0.07581575323191941,0.22899835347947348,0.304,7.7
0.02136698241187512,0.021981098419497615,0.10269632149880277,0.1963461533083012,0.294,8.8
-0.0360063256757442,-0.0197794151551645,0.10736032689052821,0.24348243334220124,0.264,13.0
0.023331277411451537,0.0013832951446848406,0.09614366087829841,0.19887585213561182,0.36,8.5
-0.023027663232331692,0.017947178099788595,0.16114069516117568,0.302694977189578,0.28200000000000003,9.200000000000001
-0.01932750499531446,-0.016760764595922822,0.10482628483756923,0.2057409243116385,0.4,11.3
0.03410494067953177,-0.034431676094465256,0.06982893335525138,0.2530651526637832,0.34600000000000003,7.7
0.014425015382016954,-0.013269830853175213,0.11034642391938367,0.1846200953547488,0.23,14.0
-0.017703195358611926,-0.008636336113822146,0.10457296915028515,0.19040150049811824,0.224,9.600000000000001
0.04302004920595138,-0.011437548825839973,0.18077255667026715,0.31600900075669985,0.23600000000000002,8.3
-0.0050726122199935995,0.020823595940068624,0.1058067629619584,0.16656560699971812,0.32,10.600000000000001
0.03090405240177446,-0.039659639991773236,0.09710388164447761,0.2734150636993994,0.28800000000000003,7.0
-0.06550426458726562,-0.01372067944099822,0.1445868058173091,0.28894214575701577,0.31,9.8
0.04451252974543954,-0.057279643529001334,0.09974863081336524,0.24576171747604186,0.28200000000000003,10.100000000000001
-0.006615161605537696,-0.039226603812576505,0.13541150361080334,0.3066777936070761,0.332,10.9
0.0016133552261172039,0.028531380504935516,0.07822200208601997,0.1792518636765623,0.276,5.5
-0.025425164370308725,-0.04708040027500488,0.1036283853987556,0.2936573642322716,0.326,7.800000000000001
0.04948304504588143,0.056053886116148324,0.0635209786857732,0.272761794365201,0.28800000000000003,9.700000000000001
0.004022469876364332,0.02018523404241909,0.12438808018335148,0.20594299455891799,0.362,11.200000000000001
-0.10017866888089444,-0.03869591881255531,0.08560885621400263,0.3092948855536606,0.24,6.5
0.005714984353403524,-0.03594304758518776,0.16434804847382434,0.27264734405608054,0.264,12.0
-0.01924328932429254,0.04520443913332228,0.09975842370854347,0.3037247936094297,0.324,11.200000000000001
0.022651236919238305,-0.00226437260222778,0.13744439526651653,0.2961935799690444,0.37,12.0
-0.013070236943608498,-0.02401089944835104,0.08550260563530496,0.1709237510686619,0.362,11.600000000000001
-0.005600973424136086,-0.027323402184131488,0.14210801056391853,0.2637750735804628,0.394,10.4
-0.015763575565331926,-0.013769982872225734,0.12447725311679161,0.2092305802451403,0.35000000000000003,9.600000000000001
-0.011432891567193416,0.07412677635990861,0.08271887826322298,0.26985621125051673,0.254,11.4
-0.002921012516114817,-0.029543225522423625,0.16864894452389606,0.293141543870382,0.31,10.700000000000001
0.005906850667772656,-0.03677940016514359,0.07407124632844575,0.22227275120791615,0.308,7.1000000000000005
-0.07058130125241799,-0.07882910201377824,0.08674966129062636,0.25122388843457333,0.31,13.4
-0.04427662001849337,0.008581995377503421,0.09774131081234466,0.24415660229883906,0.324,8.8
-0.02279638904503377,0.010161385101841934,0.09076765985740237,0.18444294943598097,0.304,10.8
-0.049564047038898364,-0.013817218231013851,0.08512721873332757,0.31083735275215635,0.252,6.4
0.012672940481936172,-0.04732353968227435,0.10525593433426275,0.24426090996272176,0.262,10.600000000000001
0.01693865947477732,0.023928523298624733,0.06326115394531073,0.16951348957834622,0.272,10.700000000000001
-0.03036872612607034,-0.007610615037556711,0.06908794929105407,0.17210722465215536,0.264,7.7
-0.022543492439258586,0.022584809033098095,0.09393383970718994,0.20531065891738978,0.28400000000000003,9.600000000000001
-0.049806714630268485,0.004920946129056133,0.10782839244128847,0.2160654069774672,0.322,6.7
0.004420129678939544,-0.042200922371660204,0.06705817059900536,0.2037897246434402,0.328,11.4
0.032852546491935315,-0.01667183303017288,0.06736144182751866,0.16798968561274058,0.254,11.5
-0.021802143964340465,-0.008854167753106042,0.10139907264037135,0.3122617448841013,0.32,11.5
0.01730147695513162,-0.030361437162402857,0.07527342274552165,0.24903781967521094,0.362,10.600000000000001
0.00957662842988147,-0.026720792729699055,0.14670231075891763,0.2411283726255087,0.266,12.8
0.029504092325968845,-0.0931139282480872,0.08110854566695262,0.26574381708484496,0.356,8.4
0.03737327404998886,-0.03849837516998498,0.08551239434966149,0.21118668471281607,0.258,9.1
0.01656149802049696,-0.019970818720034974,0.08072713972141857,0.2296036273893089,0.266,9.600000000000001
-0.007269588461998935,0.018830437345938714,0.07095891605480396,0.22409584865758012,0.32,7.800000000000001
0.09689610488980152,-0.02880799416467297,0.07022354138570484,0.2970805138616022,0.34800000000000003,9.0
0.039578338812289046,-0.031958037088256744,0.08320639306059839,0.2517803897067076,0.256,8.200000000000001
0.02838792034029429,0.016316012800146964,0.06606258266349264,0.17418014784429348,0.306,11.600000000000001
0.0970507504021505,0.027997077339239344,0.07008432736904119,0.23157822490476965,0.34400000000000003,9.9
0.11754397605344911,0.08312306903629096,0.07271652491963881,0.301156630804025,0.298,12.0
-0.03561886633728788,0.012609562948270365,0.06059444430394782,0.22488076807688803,0.25,11.600000000000001
-0.004642396144253251,-0.16212350554306934,0.09231397406737558,0.32480172618439324,0.22,10.3
-0.00313387930239916,0.027302585790622884,0.146741620598459,0.25348021918561053,0.246,10.4
-0.03249965202570678,-0.026218050479679414,0.06786249836594264,0.22873125855748697,0.232,10.3
0.0138463461990501,0.003283035125207999,0.09775872361298868,0.17742256214287938,0.3,7.0
0.02610861947419944,0.004255163166027697,0.06667966453528841,0.17838768515537612,0.386,10.0
-0.031266516658254334,-0.031076074537960973,0.06328457492254526,0.19199150129550835,0.27,7.1000000000000005
-0.010274121109177763,0.024442491975438612,0.13391693852031245,0.23374277763482967,0.26,11.9
-0.019012978511314213,-0.03916241391225858,0.16475852452097356,0.30235504086671494,0.20800000000000002,10.8
0.020995802299091364,-0.026757866347887353,0.08748520418777099,0.25144778964430337,0.242,6.5
0.023812452824354836,-0.021134980099340752,0.076273102418117,0.2225936220683026,0.328,7.4
-0.02133347225641477,0.01912884358189879,0.06662473508313224,0.17191656258722227,0.274,7.7
0.0498798826624817,0.00833733384192349,0.0682258290171232,0.2614178569638603,0.21,9.3
0.027326154062868164,0.031775448078442736,0.09567479298542442,0.21128795121681232,0.306,10.600000000000001
0.038357777650756236,-0.033408786501407634,0.11183483568465749,0.305792697742873,0.306,7.0
0.009726456511889352,0.054147626252011506,0.1434224611294348,0.3086339626508288,0.342,7.6000000000000005
0.03306522862797817,0.05576596802781071,0.08790554808797829,0.2062410238157744,0.316,10.0
-0.019374664550806595,-0.007607084612378798,0.15655940804386798,0.24833724974771376,0.34,7.6000000000000005
0.01804831446698429,-0.02113115810632275,0.09350262199809453,0.18937357699350746,0.378,13.100000000000001
-0.006372301485589748,0.025994610669422154,0.1524808039344051,0.2547014380325826,0.328,11.3
0.04327228747113097,-0.037783160724695855,0.11489292535266443,0.2651676478455392,0.22,12.0
0.02958230715538843,0.010873887886131443,0.06875841698346465,0.24899138579312272,0.26,9.8
0.05840764557239236,0.05262973615307364,0.08109776732316466,0.3204185216374425,0.278,11.4
-0.04713214555782325,0.024213193722373304,0.11697734015073895,0.2662016375593301,0.36,7.4
0.0053634223852899385,-0.02577806379391886,0.06966986691777328,0.3197700265923646,0.246,10.200000000000001
0.022960550230486168,-0.004156223324083153,0.09860937981765747,0.2135064351770661,0.32,12.100000000000001
0.05537453909029807,-0.02365902139232559,0.13036130126998832,0.3161735453781932,0.274,9.8
-0.026878310027291734,0.04233884712404916,0.07589651270628203,0.1856766003131311,0.33,9.700000000000001
-0.14329161747699354,0.0077722698199046624,0.08358332067714686,0.31061856029731866,0.332,13.3
0.014863908993903534,0.028506605556554647,0.12874271976647,0.24017816090404692,0.34600000000000003,13.0
0.013866371655860776,-0.03345794950802314,0.07507315317159732,0.16872644484391416,0.252,8.6
0.01567639720635525,0.0431269465424121,0.08320565032767424,0.28257266404983356,0.22,13.200000000000001
0.027518733371993235,0.0005041540590562399,0.08417818503652165,0.24923732262723144,0.392,6.300000000000001
-0.01219073714846062,-0.014985053479783838,0.104027872887556,0.17949801284349365,0.23800000000000002,8.6
0.040992173563139105,0.05018998819186807,0.061864933348952406,0.23738926738459354,0.25,9.8
0.019449339381776613,-0.008284552784114385,0.14638166775036382,0.21818924306158458,0.332,8.1
-0.018874979310379913,-0.009698759272004408,0.11292572188214454,0.19164287673339409,0.28600000000000003,9.700000000000001
-0.045699195116471386,-0.07179020491157785,0.08761944735920019,0.2648327739704788,0.38,9.3
-0.0040523897576917114,0.02654163005352595,0.10893508731934372,0.23766066810285635,0.266,7.800000000000001
-0.021109866666477777,0.004594282167326036,0.10262314805701284,0.2311457917568734,0.376,10.700000000000001
-0.02826738597028984,-0.0034874181588244214,0.0911062269715631,0.185765459027792,0.2,10.4
-0.06561820199603069,-0.052918679117397824,0.12936205715286672,0.3103628891376483,0.354,8.9
0.02007040454350036,0.016615155162270228,0.07414775384491326,0.22919280832583794,0.242,9.5
0.014114328059059957,0.08594841160619676,0.11160023424423825,0.29084932450300105,0.274,10.200000000000001
-0.07192137883069499,-0.018866936506828802,0.08084861529007085,0.25720678031417926,0.36,8.8
0.05365976896699257,0.02261208785414042,0.12862164678722646,0.2622260617544969,0.248,12.100000000000001
-0.039231149550328956,0.049660204910036476,0.07461713013405273,0.29404135346804267,0.32,7.2
0.003125094669523405,0.024830532781340304,0.07672522176708671,0.2272987598202946,0.214,8.4
0.03704613834623992,-0.05514027224883771,0.08577195734991437,0.26941696656221487,0.294,12.700000000000001
-0.12706936257311516,-0.025785701276064735,0.07270607429506924,0.3172671680438898,0.328,9.5
-0.027203537298203195,-0.008317407377727402,0.12388359233994567,0.3090222242349606,0.276,6.9
-0.04442765284471505,-0.006933060110241503,0.08674965501376367,0.21912225331777385,0.292,11.4
-0.13881222521465345,0.0903951443694344,0.06120317508516299,0.3000577490631882,0.34600000000000003,9.1
-0.023324473374079623,-0.05877200581376261,0.06520564070993212,0.21666008719981458,0.374,9.1
0.03470122086077836,0.00870807239338876,0.12379435664259873,0.2469698854795757,0.272,11.0
-0.02845551620574777,-0.035166977690203896,0.08659948594739879,0.2556499399808831,0.262,9.4
-0.010150685248224127,0.017257431499239397,0.1596514771354863,0.2764881228825479,0.314,10.200000000000001
-0.016383747196895598,-0.016208959466616785,0.11253641329692592,0.25733271210609837,0.28200000000000003,9.1
0.04137283792833221,-0.0039526686525785905,0.061083150936747925,0.19021672299658818,0.23600000000000002,8.5
-0.002941978584438417,-0.05161512394787583,0.09705027124533827,0.22912912134819685,0.312,12.5
0.009350836950792557,0.05901141945726141,0.06421617271299472,0.24625961999219773,0.23600000000000002,12.5
-0.027168982404161844,0.027978371535225352,0.11494714036649771,0.22346347183177334,0.328,10.4
0.0722592696282829,0.025226109837335243,0.12428725326017902,0.2713112752626921,0.316,11.100000000000001
-0.04100626833437354,-0.027327461045711113,0.12280545702655038,0.31650157222625436,0.328,8.8
0.09938192259885958,-0.014750382526741957,0.07567549324354496,0.29083499179827577,0.23600000000000002,8.5
0.08438040705539503,-0.018996319239807605,0.10470759447605212,0.3079008541172036,0.298,9.200000000000001
-0.0041701459069853185,0.022020306396644682,0.10647882846261399,0.1765062880336796,0.306,11.5
0.027004431393445688,0.0011035039078465857,0.14324631132468388,0.2609059204936918,0.28800000000000003,9.5
0.022244414527522266,-0.054889322078138694,0.11005891116287742,0.29661468357782617,0.20400000000000001,11.600000000000001
0.01563181234074722,-0.029054939897181067,0.07164195352156716,0.2037802224582975,0.314,10.0
0.020771285334168384,0.028800643889231967,0.09463643052356165,0.216228120022232,0.222,12.600000000000001
-0.003238554818931853,0.08975609612842778,0.12824938051204607,0.2966932084527314,0.34,7.7
-0.023561346507713857,0.011755692753741989,0.09989293371672514,0.18059471634277854,0.296,7.7
0.022682648834537456,-0.013734204073330722,0.06951379335384218,0.22114915229872367,0.266,7.0
0.05724363993266393,0.018669991940322192,0.11903331170679209,0.3101586027006467,0.328,10.5
-0.007764830791427789,-0.026482519137792624,0.07468142775470549,0.178124315138737,0.28200000000000003,10.3
0.020956008847514442,0.009128003791463857,0.10845205369672956,0.1916434098134401,0.272,7.0
0.02969691117345425,0.04417585433859813,0.10446357861439332,0.2719626981746176,0.322,11.5
0.010613664015930458,0.027377776912875535,0.1233982886933184,0.3055126361415215,0.23600000000000002,10.8
-0.013547022916911898,0.026740771101171675,0.09465153582629839,0.1769737693446586,0.31,10.200000000000001
0.008646764624150951,0.01776938638112516,0.0897265107899235,0.1624256585085279,0.364,11.600000000000001
-0.035145010486102975,0.0032926180862078193,0.13362981454245304,0.2847466523532652,0.336,11.600000000000001
-0.01825154182807225,-0.027147961686204144,0.08134792593766048,0.17774548143923316,0.392,11.3
-0.007156520007710908,0.02161044267028689,0.1297634772485241,0.30266042157022677,0.256,9.9
0.0203463523233862,-0.05855390016137525,0.06200037691964235,0.2806435737308606,0.352,7.4
-0.004905007047071213,0.03759205220810471,0.11102572699304288,0.27040301920930376,0.358,5.5
-0.013797827208281084,-0.04326687283355963,0.10471058453125869,0.2324562389248367,0.244,9.8
-0.020413974502187338,0.001825891680124194,0.1306856698485138,0.20733145196957178,0.398,9.9
-0.07599776212167723,0.01391405150206019,0.12486025905014048,0.29092537780739847,0.382,12.700000000000001
-0.019736652774926446,0.09043433879505977,0.09522479069222622,0.307425596132835,0.352,11.100000000000001
-0.03430944305828916,0.03381865904742853,0.11467121049580714,0.3146434779722567,0.268,10.4
-0.06764921669061219,0.03776883047525351,0.0701730943782129,0.20717703079328498,0.28600000000000003,5.800000000000001
0.01646711936760593,-0.03543033289066269,0.06837705270535081,0.22248280239073967,0.34600000000000003,10.200000000000001
0.004677955336615117,0.030492395518954413,0.11184421063894624,0.24938849727149523,0.326,11.3
0.021607745432322883,0.001469594050151359,0.1479960403104126,0.31484818418920724,0.264,8.700000000000001
0.03338259723605341,-0.0181012460132242,0.1468185234557278,0.2695962259187472,0.224,9.700000000000001
0.023552536782101955,0.026697166605126818,0.08806199552879213,0.28295008218816653,0.378,10.100000000000001
0.03459457337239892,-0.022196309548813926,0.07013817835413541,0.19941873232076404,0.224,9.1
0.03030592331691285,0.037468789262858744,0.09100244403434213,0.29037047994062515,0.274,11.100000000000001
-0.02839487003782822,0.04048574392694384,0.1084578614802317,0.29137870849958486,0.34800000000000003,9.5
0.015867308309111993,0.03772346953437074,0.120626554121233,0.25798873950588314,0.33,10.8
0.045006982653690145,-0.051982416346861786,0.056907501510578204,0.19122239920100673,0.232,10.0
0.037006528784858474,0.02595528259450441,0.07543651585307423,0.17874878899830857,0.34400000000000003,7.7
0.08330528095921355,0.12112547577229665,0.06870750149683458,0.3066507348496331,0.28200000000000003,8.3
0.005404338900148873,0.05953237767196053,0.12012772008870667,0.26433051465123636,0.274,9.1
-0.03465680129211506,0.09840046790916708,0.06264229817665846,0.30091502184375973,0.356,10.5
0.04667811672683923,0.05630046527294592,0.0970365987912468,0.2476769929263599,0.262,8.3
0.010574538793648662,-0.017915928977970782,0.16696548205057024,0.264640651582252,0.304,9.4
0.019089866861160418,0.04626088025832153,0.08023682541300597,0.2551976297573354,0.264,6.4
-0.025419943429111844,-0.07682210015937185,0.06405280521299088,0.2567874678048261,0.338,7.800000000000001
0.018820398014795573,0.00923521256315512,0.08567746807967135,0.1691472591874789,0.22,12.200000000000001
-0.017639340233709715,0.02368744408878247,0.13308643554000324,0.21649337704897956,0.25,12.9
-0.007678255927393353,0.04865144960012001,0.10725480819454662,0.2947552035442384,0.256,6.9
-0.0048986245760244814,-0.017758953174756297,0.09665717597455403,0.17751158121855776,0.32,12.100000000000001
0.02497784013612386,-0.017977860130683577,0.15205923358508966,0.29323644862664094,0.23600000000000002,9.3
-0.02706546360261078,0.012982600835347824,0.06784900608269383,0.19018244722927535,0.342,13.3
0.005926448386252028,0.03898898440542832,0.11143101386619615,0.22850774229301185,0.368,12.3
0.004773026015879404,-0.028400452983703486,0.15775379958152844,0.2704360395083655,0.214,10.3
-0.02142529010224996,-0.0038899810167473264,0.14474530814741762,0.29104046591204225,0.326,12.0
0.07895708218575093,-0.018413690351973478,0.12507239412703117,0.3331419975515487,0.33,6.2
0.07636523788053394,-0.029877198393441204,0.11625419947144464,0.2982643358920538,0.29,9.5
0.019687987903388292,0.02597167826433332,0.13404730879111515,0.2667024116496497,0.292,10.700000000000001
-0.08557246405002589,-0.0625876099975136,0.05801882484487017,0.271891511360891,0.258,7.5
-0.04923703508386724,-0.012875743643879414,0.10232912041244004,0.24494854954524536,0.234,9.200000000000001
-0.019052308708454625,-0.01196142148445351,0.0705805216887571,0.18324490513287384,0.308,10.3
-0.005445534747460272,0.019654842843277596,0.1263164397116529,0.28659126556852393,0.23600000000000002,13.5
0.05684516099361779,-0.04164268518104531,0.056413977332335954,0.19340949546823744,0.306,9.5
-0.03579959000749544,0.015792528515783957,0.07351935600867823,0.20313247827296,0.39,8.6
-0.035854188643428674,-0.023897337068278478,0.07446138559619975,0.17832514836006305,0.23,9.3
-0.05322224591240448,0.006859690437312308,0.15002492194723469,0.3243203080193077,0.276,6.4
0.010887647451109027,-0.022287483338574464,0.06011242942125366,0.23010715834747805,0.35000000000000003,10.4
0.00941492366099658,-0.02971716376237676,0.18195002014416037,0.3142804876638943,0.216,10.200000000000001
-0.026147718492329265,-0.020266235386112084,0.16756725489058696,0.28920676967652925,0.256,10.3
-0.01797234829735264,0.03528134285495111,0.07402382878658223,0.19450744182339136,0.268,8.4
-0.016357230913389764,-0.02929642700485376,0.10361456078357116,0.2728498391210145,0.304,11.100000000000001
0.054685604592047014,-0.012162650096981096,0.17813349842688306,0.335215612708971,0.336,10.100000000000001
-0.0412929863386873,-0.02162183151000947,0.09849335273158413,0.23496556292657347,0.304,12.100000000000001
0.036430046104689466,0.007997575366834464,0.19204121421102766,0.3289835051370375,0.294,10.100000000000001
0.009037560344799312,-0.02074010122708237,0.10931727238689322,0.20354491976217085,0.354,7.6000000000000005
-0.012795635592335862,-0.021709141797437617,0.14959407039198763,0.3018288317201979,0.234,9.0
-0.013632920569058455,0.01914235173271464,0.11821380493120816,0.21876528679016516,0.34400000000000003,6.5
-0.026159911259740907,0.01911997803110503,0.1626095777820319,0.2787708552302841,0.3,8.0
0.05723862442219475,0.042995646785313535,0.09721027179230138,0.26088443257875804,0.254,7.6000000000000005
0.007638970796244945,0.020875806518948388,0.07408312959408551,0.20070753031812322,0.394,11.8
0.02465790514577139,-0.015205249524401583,0.0676370452840422,0.17692999132696258,0.28200000000000003,12.3
-0.004573118021765588,0.05248767103706543,0.15923857247183246,0.3164604090201043,0.318,6.1000000000000005
-0.021630681406064098,0.011272712328948928,0.14709289158898117,0.331794891207,0.336,7.9
-0.0022476810842622986,-0.023751532361915965,0.094550690787965,0.17700283269722705,0.328,7.0
0.020187178590657887,-0.01967777830828333,0.07825603217104073,0.16740373511775236,0.216,10.700000000000001
-0.029206059706475256,0.0012998339367839835,0.0564634045260137,0.19877249782768022,0.364,9.600000000000001
0.03069509196293831,0.001044835719120007,0.057485221030976114,0.18558942628120517,0.34400000000000003,10.5
0.020539205243881965,0.0470008659582359,0.0659972695100848,0.25497761869929675,0.212,10.3
0.04989829696643174,0.00949244692184585,0.13885176285094408,0.3258989489909759,0.296,8.6
-0.013434961148385754,0.01781614228463306,0.14811436914009596,0.26138621643144605,0.248,12.200000000000001
0.039729672779493165,0.016856955910435907,0.07413194686307692,0.17495533403205135,0.248,9.0
-0.002027286612932981,0.05324654680254078,0.12189627475262757,0.24860603237461232,0.244,8.5
-0.008416955328277635,0.025832091723355953,0.1111866106372072,0.2680205386466299,0.374,10.100000000000001
-0.03105900197007503,0.029229434763108658,0.12135778537754982,0.3028580966869453,0.306,6.6000000000000005
-0.027339910675505046,-0.06838830531729459,0.119723796250153,0.2852827184994193,0.368,9.1
0.06832819386587156,-0.0610376667313515,0.06347120839045763,0.26026107739336235,0.324,8.200000000000001
0.06231805120415958,0.06134327882625833,0.1197736396488806,0.29738307241861706,0.274,11.700000000000001
0.017654250794784065,-0.011117207901388823,0.10976531674963395,0.22318808012680752,0.266,10.3
0.05078935313690561,0.03948788136271925,0.08675033039892042,0.24875465663204566,0.28600000000000003,11.0
0.017355629990231936,0.01064408939681451,0.13053952924642856,0.24786350892114997,0.28400000000000003,11.0
0.013512557801998861,0.03209923414353138,0.19096896793702034,0.3028145438893408,0.338,7.0
-0.06458998507111893,-0.10322328419761145,0.06010855864653948,0.28684618063823186,0.304,11.8
-0.01525121491946197,0.025942487468510782,0.05939384895688259,0.19810079390528876,0.262,7.5
-0.0410199637264615,0.014805433293803242,0.06829082715802211,0.19513012263603993,0.266,9.8
0.061472378698831986,0.062004455172407276,0.15294113962553638,0.3120881069068561,0.264,9.5
0.017393528004625253,-0.03463089480470498,0.0775135409172724,0.20452375067798909,0.31,11.700000000000001
-0.032538262289175994,-0.00540574637453212,0.15108801337983774,0.2650840708897324,0.26,12.100000000000001
-0.09740457698639786,-0.05239688229117891,0.1004511556583707,0.31382209264426375,0.368,8.1
-0.02453367587362311,-0.010351474723793365,0.14857716564418627,0.3135059153416886,0.262,12.3
0.0038944916264931004,0.036010662681521505,0.1173674666282367,0.23526428932342827,0.20600000000000002,9.1
-0.02012966350140278,-0.02299588497201436,0.1625179392710967,0.284414926773246,0.28600000000000003,9.4
-0.0671136124335453,-0.029693134502184394,0.12630781876414512,0.2792161987243367,0.318,10.9
0.042385718399542645,-0.025791743881687285,0.0983941456137619,0.224541396988397,0.276,9.600000000000001
-0.02008564250196584,-0.01638444392944031,0.08607980102901655,0.1836926231439675,0.27,10.200000000000001
0.02150538046560785,0.006224556863412983,0.09206897975000378,0.1695209026507685,0.356,8.8
-0.03434729480543836,-0.06950084893170973,0.07401639508601397,0.25084990695456044,0.316,11.700000000000001
0.007488996532242652,0.08709601825911946,0.07781990798942955,0.2268588622204795,0.26,10.100000000000001
0.00128186576205284,-0.16905946929272522,0.057056433422022206,0.3165160162204503,0.352,12.100000000000001
-0.0015315658945597127,-0.0301387579708036,0.05673506698334203,0.18890115698079976,0.24,11.0
0.01404792050908017,0.01775228960873015,0.1669595627519944,0.2552809402619644,0.216,9.0
-0.026951363697542603,-0.006987824953306809,0.09472985110391004,0.32364775711865473,0.28200000000000003,10.700000000000001
0.010355634828566251,0.018674987147345324,0.08406619083861158,0.30030481398496,0.262,12.0
-0.02229436700763996,-0.028978169329104048,0.11197057714382587,0.2684228456942523,0.256,11.8
0.040711086154219034,-0.020845948454708652,0.16199549907707989,0.31899355611516145,0.294,6.6000000000000005
0.011346823413736818,0.03228582940871685,0.14755579806380878,0.28941182414512134,0.37,9.4
0.03700153054329031,-0.009242905971473585,0.06958296717989769,0.18315725609781694,0.224,8.0
-0.036303282582739134,0.05759275074035214,0.11157090681316495,0.2684660880496824,0.256,9.8
0.0020579849076722925,0.050149811896897906,0.11183527255806938,0.24469805069679315,0.268,10.9
-0.004523950262430323,0.01642497140399922,0.09403063872429505,0.16831456361816063,0.294,9.4
0.08038324262739978,-0.020976041735099794,0.11275164256882331,0.2551399889293182,0.388,8.9
-0.08119685347979222,0.019823920807921426,0.06438604099300863,0.29917605172414974,0.322,9.200000000000001
-0.026575292499502197,0.0030859810716242714,0.12199597155520456,0.23205344679177836,0.33,10.9
0.01809365777124033,-0.0702272886700267,0.056909583022343446,0.20579198017469996,0.32,13.4
-0.03311732127440727,0.01315527290614053,0.09924939104136839,0.20924227153348243,0.226,9.3
-0.011579121848828115,-0.08832535967615933,0.09758971583201337,0.2762030325665515,0.376,9.9
0.02884866355851815,-0.012628963945697286,0.12051052747450419,0.2593399472266934,0.23800000000000002,10.0
-0.044958246766865245,-0.004268363164899137,0.1660717099395109,0.31945025153578555,0.292,10.8
0.0006834752195845551,0.047211737093451965,0.07687324468524268,0.2593669827545203,0.274,10.3
-0.027817495493318228,-0.008737473678815853,0.0914852696676843,0.28993289779046755,0.322,12.100000000000001
-0.07071557754765675,0.05083508766770686,0.1285240944315139,0.2921226490835461,0.312,12.4
0.018660157779811552,-0.01099555971623023,0.1444723168318156,0.2804138033496225,0.232,8.1
-0.019584495381691026,-0.005604709350147095,0.08326639519895557,0.17560823038824155,0.304,11.3
-0.016308100439027157,-0.015550007300863962,0.11385595048808259,0.23400359058144224,0.314,7.4
-0.06668653183885866,-0.0069852099688478735,0.07443768988522746,0.22378841575274336,0.376,11.5
-0.041235074195325835,-0.04267162767046499,0.12348536389001036,0.3229988139872769,0.326,6.5
-0.03701819244555657,-0.037834246966735034,0.13794047330000678,0.2839038957798663,0.232,8.3
0.003810975897885532,0.01942763829942399,0.11233431065241774,0.18939039795883966,0.332,12.700000000000001
-0.021262720357160293,-0.0215680926378227,0.06334871180913783,0.17536327275850241,0.33,8.700000000000001
-0.04074874052712275,-0.042444032860239074,0.10719058032311049,0.24687053804549478,0.272,11.4
-0.02109833941686681,-0.014235979330265333,0.1481740359036075,0.24471380578241544,0.212,14.100000000000001
-0.03417146382755305,-0.003843966419091953,0.12433940193902533,0.21620639937743832,0.3,9.4
0.019679295584636734,-0.0009247792040768157,0.09851875551852025,0.18591134703322695,0.254,7.4
-0.09643339836242065,0.04553097145469609,0.07300565037556124,0.28158458162500294,0.32,11.700000000000001
0.04427257849356704,-0.03488788552783365,0.12447176875113672,0.303792433998887,0.296,8.200000000000001
0.05465513264428848,-0.01098328184183379,0.07834639959451187,0.29980813496621683,0.312,5.9
0.02901842516786774,-0.03557341265141013,0.1609209033016094,0.3085769859373392,0.258,10.700000000000001
-0.030929509791095832,-0.08121669134436689,0.09865543884562267,0.32493113918234007,0.316,7.9
0.048173200020864254,0.04035713270837079,0.055774962085344534,0.20735857814175251,0.28200000000000003,8.5
-0.010754400401377326,0.02595679102135498,0.10051613983110194,0.1934917075517578,0.36,10.8
-0.03472169127983472,0.0007042251802596719,0.12421378649594286,0.22372918509534645,0.258,7.2
0.018437361023550005,-0.010107803681782495,0.1124200378986252,0.18810733675821648,0.322,11.5
-0.01123432237861249,-0.06954064187744802,0.09187457733752137,0.2694277473215157,0.252,13.100000000000001
0.050867968764227695,-0.04366181739601725,0.0559623560014874,0.2319073210216156,0.294,7.300000000000001
0.007941263669732313,0.021272360366639986,0.11434678157054785,0.19723710309779618,0.372,8.200000000000001
0.008123520836149844,0.035968064515895105,0.06854623823381904,0.2013387558843669,0.274,8.3
-0.0036844809491906262,-0.02348039000226821,0.05921282259165839,0.1938581813941478,0.392,9.5
-0.0013180957480806853,0.027568303613749776,0.1607194719772083,0.325758655255594,0.32,10.700000000000001
-0.03965422468255513,0.04534364935134047,0.10119389940614124,0.23235900868676357,0.256,9.0
0.007431546212863601,0.023797426419569306,0.19547425315048475,0.32081232532833526,0.31,9.8
0.04603350635716393,-0.03964440279750173,0.09604734277311931,0.2276216688846077,0.358,7.2
-0.015968816558850903,-0.03491369676539562,0.07075496395366161,0.3191736318811369,0.25,7.1000000000000005
-0.02548754811644049,0.002435841159204553,0.14859487908872715,0.27691893400241246,0.316,14.0
0.02346301415670308,-0.009390106189691449,0.1320582669873708,0.27875551140621957,0.332,12.3
0.008038863830715228,0.021281114876147107,0.17601500282481547,0.2753724628499331,0.26,8.700000000000001
-0.02226138949655542,-0.006622736239715865,0.1463038839965565,0.2263196675709285,0.34800000000000003,10.0
0.008788516036225085,0.03460063257012022,0.1351667645678137,0.24060243363192552,0.37,12.5
-0.036315281438132896,-0.032464302836988077,0.07868400911862851,0.17909580208959489,0.258,6.300000000000001
0.018914575070745936,-0.0233784961946594,0.07784805438990341,0.16857926657854722,0.266,10.3
-0.016840504843978227,-0.022297501580134764,0.07756944598223937,0.24203924702343307,0.25,11.100000000000001
0.007189280309625906,-0.032865556440252706,0.11759568006513865,0.28071102787855523,0.3,9.9
-0.04292602669750876,0.007934616009555806,0.09092535942008484,0.2063037134302388,0.35000000000000003,10.0
0.058563339981635244,-0.0562068598944805,0.06686245146482919,0.310419367593993,0.25,8.9
-0.012485202027445304,-0.13371074678792128,0.06306413693171775,0.2670174931476741,0.334,9.9
-0.013153315663372881,-0.01654394223782497,0.13007994519032295,0.203287096561328,0.372,10.4
-0.01842588289285021,0.013510075062182292,0.07681654512039729,0.16745664529279577,0.342,10.4
-0.014699445123641063,-0.020777446326038753,0.10444549183555642,0.21503752757881134,0.28800000000000003,9.700000000000001
0.0371071136993332,0.0015000273274859998,0.07303295935249716,0.2567236848773869,0.252,9.0
-0.04675838082386153,-0.006388801040849094,0.07122458507926167,0.2841072138387914,0.358,10.8
-0.020155630909603955,0.023269971384338773,0.09332168565670453,0.17331958822306895,0.332,14.200000000000001
0.002628587300629877,0.03322113820567208,0.07337018264271891,0.17420997178700165,0.292,12.9
-0.028849648041795205,-0.013925666176930623,0.12183082639663026,0.21396435499993938,0.314,12.3
0.011767499587610968,-0.09959194428913483,0.08842805017400227,0.2590572973328309,0.25,11.0
0.03536173843108378,0.010123014966668398,0.17788669039945443,0.32933162793454845,0.254,10.0
-0.0006821743620787703,0.05368908975727151,0.11716215076712735,0.22616823679925194,0.34600000000000003,11.200000000000001
0.005016438833852063,0.02689241351713328,0.06180117960198059,0.20393665389569096,0.31,6.6000000000000005
-0.03471897971198578,0.05584439887601748,0.1277192392515924,0.292920426083794,0.362,7.7
0.00023147636385183738,0.02350768171823648,0.10031550052896829,0.19317731949715067,0.272,8.3
-0.08955744926762295,0.0625520799759089,0.07070715328475127,0.26823405099197156,0.306,10.600000000000001
0.029894979591723773,-0.00979082014139003,0.11270921552777699,0.29545832610605816,0.272,9.3
-0.02464424546714054,0.0003113019353524608,0.13078915239803332,0.2385119012529098,0.292,11.600000000000001
-0.009592033924108418,-0.046869161468870914,0.08182705695642131,0.18286332136480665,0.292,10.9
-0.01985188891874656,0.012725517544143968,0.08567749697472164,0.17050915780570697,0.364,8.5
0.016973812747321335,-0.011889799230758327,0.06286880806994431,0.26259360708405094,0.256,5.7
-0.016694214782679618,-0.016395704362579845,0.1465954093377004,0.25851052223451326,0.276,12.600000000000001
-0.009221089993389943,0.01909299065489224,0.1169284469680208,0.2881092109409319,0.25,7.300000000000001
0.01026941798128139,-0.06264939662712386,0.06296647681567795,0.2463614269588583,0.3,11.9
0.02330580523162229,-0.02428353209869468,0.15700472951270683,0.2910855898931938,0.36,11.0
0.04145035530349589,-0.009099728632511636,0.16507879708187556,0.29197364326106306,0.266,7.4
-0.02096911042845927,-0.05109786038050847,0.06437556478193453,0.27262850490862495,0.266,9.0
0.03468276213489832,-0.029523285346945403,0.12303758634539862,0.266926242766446,0.272,8.3
0.06690700340406008,-0.012716840442473537,0.11074127828972602,0.32448369804732696,0.262,9.9
-0.0009099536001287168,0.023331160119207342,0.09721350695970028,0.1766882897415693,0.22,7.6000000000000005
0.03321895074296302,-0.02434832369857477,0.08969745013102351,0.24003665122147166,0.258,10.8
-0.004874711467426248,-0.04283904052651282,0.12015213074047323,0.2886095907188128,0.294,11.600000000000001
0.05419644955357913,0.0035685047326178077,0.06873406236379645,0.22928426076748715,0.334,9.3
0.010903922457117831,0.01583008025831689,0.11318159009170758,0.18083708496585557,0.256,10.0
0.023073866515739797,0.028485689857468327,0.1062928879733679,0.21807074710173527,0.328,10.100000000000001
-0.009072901220868054,0.034494078886603816,0.06382517021993687,0.1775790766357436,0.294,8.0
0.014695567646736405,-0.0483077381968931,0.05960900824448559,0.17124479372594223,0.388,8.0
0.018046878255363028,-0.04534775736992138,0.11779028750021006,0.30065410970949635,0.294,11.3
0.013554548637718615,-0.0539044113980194,0.062389396059993156,0.2420052603954518,0.20600000000000002,7.300000000000001
-0.031919939775161464,0.01942571320369712,0.08618183932486921,0.21042042095295518,0.352,9.200000000000001
-0.012956333827243488,-0.02378926938683631,0.11375491601834688,0.20325969269722463,0.248,5.7
-0.0016480123951644378,-0.028421258472663195,0.08550450945716111,0.27037823427227264,0.20400000000000001,8.200000000000001
-0.008237098385814942,-0.026846466087824268,0.06313981775186879,0.23145690625484225,0.368,6.300000000000001
-0.015124452190958603,0.01445323874369572,0.10795053338281542,0.1854450582281553,0.334,5.2
0.006148474778178676,0.033132348690636394,0.17554975467145587,0.29857550428121443,0.318,10.0
0.01229250872782005,0.03160188252608148,0.18367161772918777,0.31221716803069016,0.296,8.3
-0.01333511889044488,0.040265656790759136,0.12805759683960255,0.27171619989796086,0.328,8.6
-0.0617658539917653,0.023097505805542633,0.07009535656999795,0.20836580327127718,0.304,9.0
0.023960720620422198,0.0621825943104407,0.05838472125440603,0.2549081494217228,0.224,11.8
-0.0404847648494942,-0.0306956706368415,0.09738164557214218,0.24793309352432435,0.258,11.600000000000001
0.05937796417034992,0.04730090276564465,0.0575940480956973,0.2112217014982637,0.28800000000000003,10.3
-0.03346247943671079,-0.007991188703788054,0.09991756083724297,0.2684705508441414,0.274,11.600000000000001
0.01742124669683323,0.01645176237334279,0.08455031443460298,0.28596038352442754,0.322,7.5
0.01518225642638802,0.016150812355496477,0.09529171937804115,0.24842538964620262,0.248,11.9
-0.004943655179228538,0.03530217385078941,0.11249664814394168,0.25255569585596377,0.334,6.800000000000001
0.020406396295027565,-0.0001670914581908627,0.15520359572362716,0.2969006917111252,0.294,13.700000000000001
0.021162279083829616,-0.08559084886001578,0.07244019737022071,0.2502853880435182,0.214,8.9
-0.059824213560602246,-0.05841186230683024,0.0627831648780171,0.23096837453456864,0.234,10.700000000000001
0.03522193874126929,0.0416062241510216,0.13705795505724275,0.28972756893592744,0.324,8.5
-0.03862601348950222,-0.031090079121374795,0.06922974606758725,0.23060708187771617,0.28400000000000003,12.9
-0.019943984455526538,-0.0073527325806250704,0.13730142223337952,0.23376227747801379,0.28200000000000003,11.100000000000001
0.029896962089521622,0.004690413078530225,0.13178567655139314,0.25346244552350733,0.324,8.4
0.012994771483946635,-0.0683157976786805,0.05930247458818864,0.2282378108211904,0.278,11.600000000000001
0.019349994799108233,-0.05913533211279109,0.0782333613339616,0.2580864938381615,0.304,10.600000000000001
0.04545053611178871,0.0272039861126865,0.16618281524243114,0.32938728630781267,0.292,12.600000000000001
0.02651346908506759,0.011329047665177639,0.10256543899982179,0.21529947920914852,0.34800000000000003,12.4
-0.0240958990983867,-0.03521068399032053,0.07129640877190824,0.18195617388296687,0.326,9.600000000000001
0.05783759522388507,0.028712369724594032,0.17170212721232272,0.3017316715255663,0.302,12.600000000000001
-0.053068838121507034,-0.023210338972037864,0.15308984245737275,0.3009656041845901,0.374,8.200000000000001
-0.018603159949713753,0.03357094547451109,0.10756879741888713,0.23234588967094835,0.328,9.200000000000001
0.00525227227951795,0.022288513037618984,0.10346097154493389,0.2009728859902834,0.24,9.8
0.045026780917949025,-0.011310661197603426,0.056975510420762744,0.1649153492426272,0.28400000000000003,11.600000000000001
0.04843085977821164,-0.008705626783206891,0.127238783931216,0.23892509600800957,0.336,7.9
0.008432822799924588,0.01863846250967039,0.11185986457829693,0.22584010650887568,0.356,7.800000000000001
-0.008923755134187413,0.020216326494419415,0.06485005183069366,0.16859400102195135,0.31,11.4
-0.025429498819880183,0.055511800267212426,0.11905293869910781,0.2689409004679834,0.336,7.4
0.0199398244789198,0.005709137574579653,0.14389717831767646,0.2724497322101128,0.268,11.200000000000001
0.024717931976378005,0.03580054550113294,0.12061010548746869,0.2358170789722833,0.326,9.200000000000001
-0.025050218152658416,-0.02707350770192775,0.09948453561141331,0.1744835345694072,0.27,8.200000000000001
-0.000914117514680366,0.021442360824708757,0.1483538377719636,0.2807677444857576,0.25,11.8
0.03342718258130901,-0.0066291263641064385,0.06357711869087596,0.24407816501952218,0.264,11.9
0.00274277413287893,0.03136763558711494,0.10181969452400443,0.28024199721878207,0.228,11.3
0.020047003624514444,0.028379862598774813,0.1265232825561134,0.28391162512520773,0.214,8.700000000000001
0.008891498457995544,0.030929329543957475,0.09383694902102406,0.1890980593465041,0.37,9.1
0.09059953908464477,0.022774706406918466,0.1061803748636179,0.2834790558516971,0.37,9.8
0.006006924103818577,-0.027665043966362712,0.10207640994161127,0.2626506986820445,0.28600000000000003,6.300000000000001
-0.06486083165826638,-0.010279282980267868,0.12262143010585526,0.28350472075190114,0.29,10.100000000000001
0.004100051163580778,0.024887607746494178,0.11198747246293682,0.21093108143828374,0.24,7.300000000000001
0.02683570471799177,-0.0001569772625831917,0.1005116160754817,0.27897778525856853,0.28200000000000003,8.4
-0.013328588559275326,0.01749525495911297,0.12892228327875535,0.2583642973902512,0.292,11.200000000000001
-0.09258712699883424,-0.054484803669811815,0.07068029415816504,0.3216889242255499,0.304,8.9
-0.049022744893173854,-0.015641182135516137,0.07562079933540501,0.23395099432052816,0.278,9.200000000000001
-0.014279762263857017,0.04694405346464492,0.07662637330165073,0.24061337950705525,0.366,11.700000000000001
0.020235121615189238,0.01789878791427779,0.07522190447381948,0.20332816776175666,0.324,5.9
-0.03688142938550824,-0.0017450270686024895,0.060277406212690225,0.23311640579319987,0.248,10.0
0.09549600576217075,0.030365034362049306,0.09015709649375327,0.2816149855135981,0.292,10.3
0.04463848292565389,-0.015278177385965291,0.09217014460742244,0.22659615436540342,0.332,10.600000000000001
-0.0377497535424392,-0.01834793493075234,0.07973006976666698,0.2490774445669765,0.292,5.2
-0.025000271396099862,0.005534226699952286,0.18375813212323194,0.3143497573458841,0.394,13.9
0.030447360279672913,0.03823697182817498,0.08515119393576681,0.2804538642211392,0.26,9.1
0.039784300827704844,0.0032925359864277876,0.08183013677152456,0.2875631119013552,0.34400000000000003,13.100000000000001
-0.028277435726459348,0.015976010804833386,0.11935957520540462,0.3204183835948628,0.262,9.600000000000001
0.0019636352548542905,-0.044707484090131415,0.12387329039895391,0.25423897480693114,0.334,12.0
-0.03452110606379869,-0.046258117306438064,0.11770613148047515,0.2734526526943075,0.392,11.200000000000001
0.0374356965825898,0.02540916204345267,0.0914166869986895,0.18744555906313107,0.36,10.3
-0.04294933673724551,-0.010806686542751293,0.15022984575174092,0.2608495026490116,0.388,10.0
0.010039380205763405,-0.01980666527740743,0.16535442965874428,0.3167589586458738,0.296,11.600000000000001
-0.02474562272416875,-0.08562754087423342,0.060636167808445905,0.22944027887493845,0.264,7.800000000000001
0.03311950744198618,0.03839361893158177,0.07779210845910872,0.21914405355933655,0.266,7.6000000000000005
0.0023976138018669967,-0.03658269783825931,0.19746463162901684,0.3190503458415407,0.298,6.800000000000001
-0.047775343729762394,-0.008747992535272114,0.16575055694051483,0.2977016526535461,0.376,14.0
-0.003536164807914782,0.024200023191856136,0.09607513846134307,0.20576634497513405,0.386,9.4
-0.027034001530397936,0.025631120739353565,0.1739424336413331,0.2894989752780516,0.328,10.5
-0.004439932019932267,-0.05678877625271186,0.1204081100528849,0.29237893404212684,0.28400000000000003,8.8
0.06422211916479857,0.08086924336953988,0.07555936570318472,0.2753357157919247,0.324,8.4
0.047415668898060793,-0.023658257092659167,0.12005780923134154,0.2834468832598218,0.20800000000000002,9.700000000000001
-0.026416899067364198,-0.10915072600305922,0.07223640636302209,0.3185961346391113,0.34,11.100000000000001
-0.03410541987060712,0.0021591361091152597,0.18341888512579047,0.33159698674236204,0.234,11.8
0.027403256439964628,0.015546849851675622,0.12449277233883999,0.23626192171843916,0.292,10.5
0.006570237653467949,-0.02676464144850822,0.13807529295783322,0.27946306498197593,0.244,7.2
0.013938386996853139,-0.018138236578530916,0.12251813097662562,0.20591265877995182,0.29,9.200000000000001
0.015960166095763777,0.017228273691773335,0.09631581318532047,0.20748397898773402,0.328,8.3
0.02826538437344852,-0.029763335786115768,0.10824531330839181,0.24122844923902548,0.28,8.9
0.006609009989376064,-0.017999005684214774,0.09248934844376112,0.17167930710416263,0.334,8.4
-0.02891310460915874,0.03136352583674782,0.11268601667796217,0.23378901264117008,0.3,8.8
-0.01537280335618245,-0.014182313557942314,0.09467243263945105,0.1881640302907298,0.322,6.4
-0.015361368272915354,-0.07181103400078838,0.05794817885474914,0.19803268251518666,0.23600000000000002,10.4
-0.0063012935949436,-0.03452681798642419,0.15398377029304963,0.2998766705402684,0.258,8.6
-0.01779671140477733,-0.010253675066404497,0.1344943036838699,0.204234100108395,0.272,10.3
